Row,GA,HIST,SIM
0,0.105958035344117,0.30189942759811,-0.260411375282118
1,-0.863409376050816,-0.185674418934868,-2.11591385680844
2,0.496042179144127,0.514772105006566,0.38688075052383
3,0.0655230662403691,0.180778615757262,-0.648989370740916
4,-2.29436298618147,0.30189942759811,-0.260411375282118
5,-0.00232866894668805,-0.185674418934868,-2.11591385680844
6,-2.29436298618147,0.514772105006566,0.38688075052383
7,-2.29436298618147,0.180778615757262,-0.648989370740916
8,-0.111588959615084,-2.28081652185393,-2.11591385680844
9,-2.29436298618147,0.095435047350979,0.101889406030497
10,-0.143601181786934,0.30189942759811,-0.260411375282118
11,0.613276782748558,-0.185674418934868,-2.11591385680844
12,0.210563510104621,0.30189942759811,-0.260411375282118
13,0.383348279580921,-0.185674418934868,-2.11591385680844
14,-2.29436298618147,0.514772105006566,0.38688075052383
15,0.226072840541975,0.30189942759811,-0.260411375282118
16,0.269989958511084,0.30189942759811,-0.260411375282118
17,0.635620245635867,0.30189942759811,-0.260411375282118
18,-0.863409376050816,0.30189942759811,-0.260411375282118
19,-0.569557425081089,-0.185674418934868,-2.11591385680844
20,-0.863409376050816,0.30189942759811,-0.260411375282118
21,-0.863409376050816,-0.185674418934868,-2.11591385680844
22,-0.863409376050816,0.514772105006566,0.38688075052383
23,-2.29436298618147,0.30189942759811,-0.260411375282118
24,0.310507319486997,-0.185674418934868,-2.11591385680844
25,0.194569403961065,0.30189942759811,-0.260411375282118
26,0.226072840541975,0.30189942759811,-0.260411375282118
27,0.0655230662403691,-0.185674418934868,-2.11591385680844
28,-0.0273050109341994,0.30189942759811,-0.260411375282118
29,0.283844384410137,0.30189942759811,-0.260411375282118
30,-2.29436298618147,-0.185674418934868,-2.11591385680844
31,0.310507319486997,0.514772105006566,0.38688075052383
32,-2.29436298618147,0.180778615757262,-0.648989370740916
33,-2.29436298618147,-2.28081652185393,-2.11591385680844
34,-2.29436298618147,0.095435047350979,0.101889406030497
35,-0.0817213443106809,-2.28081652185393,-2.11591385680844
36,0.635620245635867,0.30189942759811,-0.260411375282118
37,0.0213828092094558,0.30189942759811,-0.260411375282118
38,0.283844384410137,0.30189942759811,-0.260411375282118
39,-2.29436298618147,-0.185674418934868,-2.11591385680844
40,-0.569557425081089,0.514772105006566,0.38688075052383
41,-2.29436298618147,0.30189942759811,-0.260411375282118
42,-2.29436298618147,-0.185674418934868,-2.11591385680844
43,-2.29436298618147,0.514772105006566,0.38688075052383
44,-2.29436298618147,0.180778615757262,-0.648989370740916
45,0.557605740268233,-2.28081652185393,-2.11591385680844
46,0.565889463758583,0.30189942759811,-0.260411375282118
47,-0.215656782794065,0.30189942759811,-0.260411375282118
48,-0.483147486187803,-0.185674418934868,-2.11591385680844
49,-0.111588959615084,0.514772105006566,0.38688075052383
50,-0.111588959615084,0.180778615757262,-0.648989370740916
51,0.467485256784614,0.30189942759811,-0.260411375282118
52,-2.29436298618147,-0.185674418934868,-2.11591385680844
53,0.0439625174035552,0.30189942759811,-0.260411375282118
54,0.486682008484541,-0.185674418934868,-2.11591385680844
55,-2.29436298618147,0.514772105006566,0.38688075052383
56,0.0213828092094558,0.180778615757262,-0.648989370740916
57,-0.215656782794065,0.30189942759811,-0.260411375282118
58,-0.215656782794065,-0.185674418934868,-2.11591385680844
59,-2.29436298618147,-0.80094548844055,-2.11591385680844
60,0.505251101449325,-0.80094548844055,-2.11591385680844
61,0.457636503244259,-0.80094548844055,-2.11591385680844
62,-0.0273050109341994,0.47166966526692,0.377437192708919
63,0.505251101449325,-0.80094548844055,-2.11591385680844
64,-2.29436298618147,-2.28081652185393,-0.210414291751222
65,0.0861606301493048,-0.231899183583839,0.155008573258198
66,0.635620245635867,0.627272805292098,0.528969505364861
67,0.194569403961065,-2.28081652185393,-0.210414291751222
68,0.711107674525921,-0.231899183583839,0.155008573258198
69,0.514314058701603,0.627272805292098,0.528969505364861
70,0.447612101220153,-2.28081652185393,-0.210414291751222
71,0.742560649820512,-0.231899183583839,0.155008573258198
72,0.523236054176008,0.627272805292098,0.528969505364861
73,0.437404995475506,0.236277669372673,0.171200802116201
74,-2.29436298618147,0.749855793954946,0.737314197643558
75,0.671102212533152,-2.28081652185393,-0.210414291751222
76,0.730171139587927,-0.231899183583839,0.155008573258198
77,0.590059536258222,0.627272805292098,0.528969505364861
78,-2.29436298618147,-2.28081652185393,-0.210414291751222
79,-2.29436298618147,-2.28081652185393,-0.210414291751222
80,0.532021830837793,-0.231899183583839,0.155008573258198
81,0.7175279941588,0.627272805292098,0.528969505364861
82,-2.29436298618147,0.236277669372673,0.171200802116201
83,0.0655230662403691,0.749855793954946,0.737314197643558
84,0.0861606301493048,-2.28081652185393,-0.210414291751222
85,0.0213828092094558,-0.231899183583839,0.155008573258198
86,0.582112932439948,0.627272805292098,0.528969505364861
87,0.817603434322137,0.236277669372673,0.171200802116201
88,0.684731342618128,0.749855793954946,0.737314197643558
89,0.143310760044473,0.691716866648439,0.422696855766632
90,0.105958035344117,-2.28081652185393,-0.210414291751222
91,0.677955030172542,-0.231899183583839,0.155008573258198
92,0.711107674525921,0.627272805292098,0.528969505364861
93,-2.29436298618147,-2.28081652185393,-0.210414291751222
94,0.684731342618128,-0.231899183583839,0.155008573258198
95,0.371868676015011,0.627272805292098,0.528969505364861
96,-2.29436298618147,0.236277669372673,0.171200802116201
97,0.684731342618128,-2.28081652185393,-0.210414291751222
98,0.613276782748558,-2.28081652185393,-0.210414291751222
99,-2.29436298618147,-2.28081652185393,-0.210414291751222
100,-2.29436298618147,-2.28081652185393,-0.210414291751222
101,0.613276782748558,-0.231899183583839,0.155008573258198
102,-2.29436298618147,0.627272805292098,0.528969505364861
103,0.0655230662403691,-2.28081652185393,-0.210414291751222
104,0.105958035344117,-0.231899183583839,0.155008573258198
105,0.0861606301493048,0.627272805292098,0.528969505364861
106,0.736396897270966,0.236277669372673,0.171200802116201
107,0.394591890451349,0.749855793954946,0.737314197643558
108,0.371868676015011,-2.28081652185393,-0.210414291751222
109,0.59790036573044,-0.231899183583839,0.155008573258198
110,0.178055819055853,0.627272805292098,0.528969505364861
111,0.565889463758583,0.236277669372673,0.171200802116201
112,0.59790036573044,-2.28081652185393,-0.210414291751222
113,0.574057357743121,-0.231899183583839,0.155008573258198
114,-2.29436298618147,-2.28081652185393,-0.210414291751222
115,0.447612101220153,-0.231899183583839,0.155008573258198
116,0.605638474688001,0.627272805292098,0.528969505364861
117,0.323353150323217,0.236277669372673,0.171200802116201
118,0.383348279580921,-2.28081652185393,-0.210414291751222
119,0.335897608935389,-0.231899183583839,0.155008573258198
120,0.565889463758583,0.627272805292098,0.528969505364861
121,0.7175279941588,0.436978587814513,0.6676785061828
122,0.754707474080399,0.436978587814513,0.6676785061828
123,0.812137817552033,0.436978587814513,0.6676785061828
124,0.704619481135261,0.436978587814513,0.6676785061828
125,0.523236054176008,-0.0711982825696095,0.701437534935676
126,0.760693103622887,0.436978587814513,0.6676785061828
127,0.323353150323217,0.436978587814513,0.6676785061828
128,0.348155849774183,0.436978587814513,0.6676785061828
129,0.0861606301493048,-0.0711982825696095,0.701437534935676
130,0.0861606301493048,-0.0711982825696095,0.737314197643558
131,0.269989958511084,0.691716866648439,0.631324621511434
132,0.416412172339783,0.236277669372673,0.422696855766632
133,0.0861606301493048,0.627272805292098,0.737314197643558
134,0.565889463758583,0.436978587814513,0.6676785061828
135,0.360141880425839,0.436978587814513,0.6676785061828
136,0.698061812309807,0.436978587814513,0.6676785061828
137,0.0655230662403691,0.436978587814513,0.6676785061828
138,0.664170959964478,0.436978587814513,0.6676785061828
139,0.297343684245538,-0.0711982825696095,0.701437534935676
140,0.0213828092094558,-0.0711982825696095,0.737314197643558
141,0.505251101449325,0.436978587814513,0.6676785061828
142,-0.0537051845676368,-0.0711982825696095,0.701437534935676
143,0.778313352915192,0.436978587814513,0.6676785061828
144,0.0213828092094558,-0.0711982825696095,0.701437534935676
145,0.795452237592423,0.436978587814513,0.6676785061828
146,-0.178129795396878,-0.0711982825696095,0.701437534935676
147,0.684731342618128,0.436978587814513,0.6676785061828
148,-2.29436298618147,0.436978587814513,0.6676785061828
149,0.801063152594192,0.436978587814513,0.6676785061828
150,0.143310760044473,0.436978587814513,0.6676785061828
151,-2.29436298618147,-0.0711982825696095,0.701437534935676
152,0.778313352915192,-0.0711982825696095,0.737314197643558
153,0.505251101449325,0.436978587814513,0.6676785061828
154,-2.29436298618147,0.436978587814513,0.6676785061828
155,-2.29436298618147,-0.0711982825696095,0.701437534935676
156,0.486682008484541,-0.0711982825696095,0.737314197643558
157,0.323353150323217,0.691716866648439,0.631324621511434
158,0.754707474080399,0.436978587814513,0.6676785061828
159,0.0861606301493048,0.436978587814513,0.6676785061828
160,0.0861606301493048,-0.0711982825696095,0.701437534935676
161,0.405609942304921,-0.0711982825696095,0.737314197643558
162,0.565889463758583,0.691716866648439,0.631324621511434
163,0.0861606301493048,0.236277669372673,0.422696855766632
164,0.742560649820512,0.436978587814513,0.6676785061828
165,0.255759143140693,0.436978587814513,0.6676785061828
166,0.0655230662403691,0.436978587814513,0.6676785061828
167,0.394591890451349,0.436978587814513,0.6676785061828
168,0.178055819055853,0.436978587814513,0.6676785061828
169,0.310507319486997,0.436978587814513,0.6676785061828
170,0.447612101220153,-0.0711982825696095,0.701437534935676
171,0.348155849774183,-0.0711982825696095,0.737314197643558
172,0.437404995475506,0.691716866648439,0.631324621511434
173,-0.215656782794065,0.236277669372673,0.422696855766632
174,0.0439625174035552,0.436978587814513,0.6676785061828
175,-0.178129795396878,-0.0711982825696095,0.701437534935676
176,0.416412172339783,-0.0711982825696095,0.737314197643558
177,0.613276782748558,0.691716866648439,0.631324621511434
178,0.394591890451349,0.436978587814513,0.6676785061828
179,0.323353150323217,-0.0711982825696095,0.701437534935676
180,0.0861606301493048,-0.0711982825696095,0.737314197643558
181,-0.483147486187803,0.436978587814513,0.6676785061828
182,0.778313352915192,-0.0711982825696095,0.701437534935676
183,-2.29436298618147,-0.0711982825696095,0.737314197643558
184,0.348155849774183,0.436978587814513,0.6676785061828
185,0.310507319486997,-0.0711982825696095,0.701437534935676
186,0.486682008484541,0.436978587814513,0.6676785061828
187,0.323353150323217,-0.0711982825696095,0.701437534935676
188,0.778313352915192,0.436978587814513,0.6676785061828
189,0.605638474688001,0.436978587814513,0.6676785061828
190,0.628265050171746,-0.0711982825696095,0.701437534935676
191,0.828395701382336,0.436978587814513,0.6676785061828
192,0.730171139587927,0.436978587814513,0.6676785061828
193,0.437404995475506,0.436978587814513,0.6676785061828
194,0.74866374201932,0.436978587814513,0.6676785061828
195,0.348155849774183,-0.0711982825696095,0.701437534935676
196,0.557605740268233,0.436978587814513,0.6676785061828
197,0.255759143140693,-0.0711982825696095,0.701437534935676
198,0.105958035344117,-0.0711982825696095,0.737314197643558
199,0.427007682743541,0.436978587814513,0.6676785061828
200,0.806624696809353,0.436978587814513,0.6676785061828
201,0.143310760044473,0.436978587814513,0.6676785061828
202,0.628265050171746,-0.0711982825696095,0.701437534935676
203,0.540675889339958,0.436978587814513,0.6676785061828
204,0.194569403961065,0.436978587814513,0.6676785061828
205,0.505251101449325,-0.0711982825696095,0.701437534935676
206,0.323353150323217,-0.0711982825696095,0.737314197643558
207,0.310507319486997,0.436978587814513,0.6676785061828
208,0.691433007167053,-0.0711982825696095,0.701437534935676
209,0.684731342618128,0.436978587814513,0.6676785061828
210,0.437404995475506,-0.0711982825696095,0.701437534935676
211,0.210563510104621,-0.0711982825696095,0.737314197643558
212,-0.302513146325497,0.691716866648439,0.631324621511434
213,0.59790036573044,0.436978587814513,0.6676785061828
214,0.549202504479397,0.436978587814513,0.6676785061828
215,0.447612101220153,0.436978587814513,0.6676785061828
216,0.723881985326,0.436978587814513,0.6676785061828
217,-0.178129795396878,0.436978587814513,0.6676785061828
218,0.523236054176008,0.436978587814513,0.6676785061828
219,0.505251101449325,-0.0711982825696095,0.701437534935676
220,0.532021830837793,0.436978587814513,0.6676785061828
221,0.427007682743541,-0.0711982825696095,0.701437534935676
222,0.582112932439948,0.436978587814513,0.6676785061828
223,0.12498715023858,0.436978587814513,0.6676785061828
224,-2.29436298618147,0.436978587814513,0.6676785061828
225,0.565889463758583,-0.0711982825696095,0.701437534935676
226,0.371868676015011,0.436978587814513,0.6676785061828
227,0.677955030172542,-0.0711982825696095,0.701437534935676
228,0.416412172339783,-0.0711982825696095,0.737314197643558
229,0.806624696809353,0.436978587814513,0.6676785061828
230,0.269989958511084,0.436978587814513,0.6676785061828
231,0.505251101449325,-0.0711982825696095,0.701437534935676
232,-0.0537051845676368,0.436978587814513,0.6676785061828
233,0.635620245635867,0.436978587814513,0.6676785061828
234,0.650065045379645,-0.0711982825696095,0.701437534935676
235,0.210563510104621,0.436978587814513,0.6676785061828
236,0.823022439899165,0.436978587814513,0.6676785061828
237,0.613276782748558,0.436978587814513,0.6676785061828
238,0.549202504479397,-0.0711982825696095,0.701437534935676
239,0.427007682743541,0.436978587814513,0.6676785061828
240,0.620818083176521,0.436978587814513,0.6676785061828
241,0.650065045379645,-0.0711982825696095,0.701437534935676
242,0.523236054176008,0.436978587814513,0.6676785061828
243,0.486682008484541,0.436978587814513,0.6676785061828
244,0.143310760044473,-0.0711982825696095,0.701437534935676
245,0.348155849774183,-0.0711982825696095,0.737314197643558
246,0.226072840541975,0.691716866648439,0.631324621511434
247,0.789790975524799,0.436978587814513,0.6676785061828
248,0.105958035344117,-0.343920782473188,0.0400449069620433
249,-0.0817213443106809,-0.343920782473188,0.0400449069620433
250,-0.178129795396878,-0.343920782473188,0.0400449069620433
251,-2.29436298618147,-2.28081652185393,0.138108369956217
252,-2.29436298618147,0.360120482277438,-0.319835618154628
253,-2.29436298618147,-0.343920782473188,0.0400449069620433
254,-2.29436298618147,-2.28081652185393,0.138108369956217
255,-0.863409376050816,-0.343920782473188,0.0400449069620433
256,-0.256823760503072,-2.28081652185393,0.138108369956217
257,-2.29436298618147,0.360120482277438,-0.319835618154628
258,-0.569557425081089,-0.343920782473188,0.0400449069620433
259,0.226072840541975,-0.343920782473188,0.0400449069620433
260,-0.0537051845676368,-0.343920782473188,0.0400449069620433
261,0.323353150323217,-2.28081652185393,0.138108369956217
262,-0.413164559354843,-0.343920782473188,0.0400449069620433
263,-0.111588959615084,-0.343920782473188,0.0400449069620433
264,-0.00232866894668805,-0.343920782473188,0.0400449069620433
265,0.0213828092094558,-0.343920782473188,0.0400449069620433
266,0.0213828092094558,-2.28081652185393,0.138108369956217
267,0.0439625174035552,0.360120482277438,-0.319835618154628
268,-0.143601181786934,-0.343920782473188,0.0400449069620433
269,-0.0817213443106809,-0.343920782473188,0.0400449069620433
270,-0.569557425081089,-0.343920782473188,0.0400449069620433
271,0.105958035344117,-0.343920782473188,0.0400449069620433
272,-0.863409376050816,-0.343920782473188,0.0400449069620433
273,-2.29436298618147,-2.28081652185393,0.138108369956217
274,0.226072840541975,-0.343920782473188,0.0400449069620433
275,0.348155849774183,-2.28081652185393,0.138108369956217
276,-2.29436298618147,-0.343920782473188,0.0400449069620433
277,-0.143601181786934,-0.343920782473188,0.0400449069620433
278,-0.256823760503072,-0.343920782473188,0.0400449069620433
279,-2.29436298618147,-0.343920782473188,0.0400449069620433
280,0.0213828092094558,-2.28081652185393,0.138108369956217
281,-2.29436298618147,-0.343920782473188,0.0400449069620433
282,-0.0817213443106809,-0.343920782473188,0.0400449069620433
283,-0.0817213443106809,-2.28081652185393,0.138108369956217
284,-0.0537051845676368,0.360120482277438,-0.319835618154628
285,-0.863409376050816,-0.343920782473188,0.0400449069620433
286,-2.29436298618147,-0.343920782473188,0.0400449069620433
287,0.742560649820512,0.627272805292098,0.692033621312611
288,0.823022439899165,0.627272805292098,0.692033621312611
289,0.677955030172542,0.627272805292098,0.692033621312611
290,0.723881985326,0.627272805292098,0.692033621312611
291,0.806624696809353,0.627272805292098,0.692033621312611
292,0.635620245635867,0.627272805292098,0.692033621312611
293,0.723881985326,0.627272805292098,0.692033621312611
294,0.642886125460816,0.627272805292098,0.692033621312611
295,-2.29436298618147,0.907908007489293,0.750110466670202
296,0.664170959964478,0.627272805292098,0.692033621312611
297,0.0861606301493048,0.627272805292098,0.692033621312611
298,0.0861606301493048,0.907908007489293,0.750110466670202
299,0.0861606301493048,0.71418371508763,0.6676785061828
300,0.828395701382336,0.627272805292098,0.692033621312611
301,-2.29436298618147,0.627272805292098,0.692033621312611
302,0.828395701382336,0.907908007489293,0.750110466670202
303,0.723881985326,0.627272805292098,0.692033621312611
304,-0.863409376050816,0.627272805292098,0.692033621312611
305,-0.863409376050816,0.907908007489293,0.750110466670202
306,0.505251101449325,0.71418371508763,0.6676785061828
307,0.523236054176008,0.627272805292098,0.692033621312611
308,0.704619481135261,0.627272805292098,0.692033621312611
309,0.704619481135261,0.627272805292098,0.692033621312611
310,0.310507319486997,0.627272805292098,0.692033621312611
311,0.833724061180169,0.627272805292098,0.692033621312611
312,0.613276782748558,0.627272805292098,0.692033621312611
313,0.833724061180169,0.627272805292098,0.692033621312611
314,-2.29436298618147,0.627272805292098,0.692033621312611
315,0.828395701382336,0.627272805292098,0.692033621312611
316,-2.29436298618147,0.627272805292098,0.692033621312611
317,0.582112932439948,0.907908007489293,0.750110466670202
318,-2.29436298618147,0.71418371508763,0.6676785061828
319,-2.29436298618147,0.34616024644438,0.677570829348625
320,0.823022439899165,0.627272805292098,0.692033621312611
321,0.59790036573044,0.627272805292098,0.692033621312611
322,0.833724061180169,0.627272805292098,0.692033621312611
323,0.582112932439948,0.627272805292098,0.692033621312611
324,-2.29436298618147,0.627272805292098,0.692033621312611
325,0.754707474080399,0.907908007489293,0.750110466670202
326,-2.29436298618147,0.627272805292098,0.692033621312611
327,0.613276782748558,0.627272805292098,0.692033621312611
328,-0.0537051845676368,0.627272805292098,0.692033621312611
329,0.0861606301493048,0.907908007489293,0.750110466670202
330,0.0861606301493048,0.71418371508763,0.6676785061828
331,0.0861606301493048,0.34616024644438,0.677570829348625
332,0.711107674525921,0.627272805292098,0.692033621312611
333,0.657159266415924,0.627272805292098,0.692033621312611
334,-2.29436298618147,0.907908007489293,0.750110466670202
335,-2.29436298618147,0.627272805292098,0.692033621312611
336,0.74866374201932,0.907908007489293,0.750110466670202
337,0.823022439899165,0.627272805292098,0.692033621312611
338,0.795452237592423,0.627272805292098,0.692033621312611
339,0.784078359935358,0.88045328263608,0.701437534935676
340,0.833724061180169,0.88045328263608,0.701437534935676
341,0.833724061180169,0.88045328263608,0.701437534935676
342,0.0655230662403691,0.88045328263608,0.701437534935676
343,0.795452237592423,0.373721684027314,0.754302210385036
344,0.833724061180169,0.88045328263608,0.701437534935676
345,0.557605740268233,0.88045328263608,0.701437534935676
346,0.160984054177395,0.88045328263608,0.701437534935676
347,0.77249488375741,0.373721684027314,0.754302210385036
348,0.310507319486997,0.88045328263608,0.701437534935676
349,0.736396897270966,0.373721684027314,0.754302210385036
350,0.711107674525921,0.88045328263608,0.701437534935676
351,0.371868676015011,0.88045328263608,0.701437534935676
352,0.671102212533152,0.373721684027314,0.754302210385036
353,0.24112863951217,0.88045328263608,0.701437534935676
354,0.801063152594192,0.373721684027314,0.754302210385036
355,0.194569403961065,0.88045328263608,0.701437534935676
356,0.74866374201932,0.373721684027314,0.754302210385036
357,0.778313352915192,0.88045328263608,0.701437534935676
358,0.833724061180169,0.88045328263608,0.701437534935676
359,-0.0273050109341994,0.88045328263608,0.701437534935676
360,0.74866374201932,0.88045328263608,0.701437534935676
361,0.613276782748558,0.88045328263608,0.701437534935676
362,0.833724061180169,0.88045328263608,0.701437534935676
363,0.833724061180169,0.88045328263608,0.701437534935676
364,-0.353989469681355,0.88045328263608,0.701437534935676
365,0.795452237592423,0.373721684027314,0.754302210385036
366,0.742560649820512,0.88045328263608,0.701437534935676
367,0.178055819055853,0.88045328263608,0.701437534935676
368,0.828395701382336,0.373721684027314,0.754302210385036
369,0.194569403961065,0.360120482277438,0.754302210385036
370,0.194569403961065,0.601149673639565,0.201698880888709
371,0.105958035344117,0.88045328263608,0.701437534935676
372,-0.143601181786934,0.88045328263608,0.701437534935676
373,0.194569403961065,0.88045328263608,0.701437534935676
374,0.736396897270966,0.373721684027314,0.754302210385036
375,0.371868676015011,0.88045328263608,0.701437534935676
376,0.828395701382336,0.88045328263608,0.701437534935676
377,-0.0537051845676368,0.88045328263608,0.701437534935676
378,0.801063152594192,0.88045328263608,0.701437534935676
379,0.0655230662403691,0.88045328263608,0.701437534935676
380,0.778313352915192,0.373721684027314,0.754302210385036
381,-2.29436298618147,0.88045328263608,0.701437534935676
382,0.778313352915192,0.373721684027314,0.754302210385036
383,0.0213828092094558,0.88045328263608,0.701437534935676
384,0.828395701382336,0.373721684027314,0.754302210385036
385,0.0439625174035552,0.360120482277438,0.754302210385036
386,0.0439625174035552,0.601149673639565,0.201698880888709
387,0.736396897270966,0.88045328263608,0.701437534935676
388,0.833724061180169,0.88045328263608,0.701437534935676
389,0.833724061180169,0.88045328263608,0.701437534935676
390,0.383348279580921,0.88045328263608,0.701437534935676
391,0.677955030172542,0.373721684027314,0.754302210385036
392,0.754707474080399,0.88045328263608,0.701437534935676
393,-0.256823760503072,0.88045328263608,0.701437534935676
394,0.833724061180169,0.373721684027314,0.754302210385036
395,0.778313352915192,0.88045328263608,0.701437534935676
396,0.833724061180169,0.88045328263608,0.701437534935676
397,0.742560649820512,0.88045328263608,0.701437534935676
398,-0.0537051845676368,0.88045328263608,0.701437534935676
399,0.582112932439948,0.88045328263608,0.701437534935676
400,0.833724061180169,0.373721684027314,0.754302210385036
401,0.620818083176521,0.360120482277438,0.754302210385036
402,0.620818083176521,0.601149673639565,0.201698880888709
403,-0.569557425081089,0.88045328263608,0.701437534935676
404,0.160984054177395,0.88045328263608,0.701437534935676
405,-0.413164559354843,0.373721684027314,0.754302210385036
406,0.742560649820512,0.360120482277438,0.754302210385036
407,0.723881985326,0.88045328263608,0.701437534935676
408,0.801063152594192,0.88045328263608,0.701437534935676
409,-0.413164559354843,0.88045328263608,0.701437534935676
410,0.178055819055853,0.88045328263608,0.701437534935676
411,0.833724061180169,0.88045328263608,0.701437534935676
412,0.833724061180169,0.88045328263608,0.701437534935676
413,-0.111588959615084,0.88045328263608,0.701437534935676
414,0.226072840541975,0.88045328263608,0.701437534935676
415,0.778313352915192,0.373721684027314,0.754302210385036
416,0.77249488375741,0.88045328263608,0.701437534935676
417,-0.0537051845676368,0.88045328263608,0.701437534935676
418,0.833724061180169,0.373721684027314,0.754302210385036
419,0.255759143140693,0.88045328263608,0.701437534935676
420,0.677955030172542,0.373721684027314,0.754302210385036
421,-0.00232866894668805,0.88045328263608,0.701437534935676
422,0.828395701382336,0.373721684027314,0.754302210385036
423,0.0213828092094558,0.360120482277438,0.754302210385036
424,0.0213828092094558,0.601149673639565,0.201698880888709
425,0.582112932439948,0.88045328263608,0.701437534935676
426,0.833724061180169,0.373721684027314,0.754302210385036
427,0.628265050171746,0.360120482277438,0.754302210385036
428,0.628265050171746,0.601149673639565,0.201698880888709
429,-0.302513146325497,0.88045328263608,0.701437534935676
430,-0.0273050109341994,0.373721684027314,0.754302210385036
431,-0.0273050109341994,0.360120482277438,0.754302210385036
432,0.833724061180169,0.88045328263608,0.701437534935676
433,0.540675889339958,0.373721684027314,0.754302210385036
434,0.540675889339958,0.360120482277438,0.754302210385036
435,0.0861606301493048,0.88045328263608,0.701437534935676
436,0.736396897270966,0.373721684027314,0.754302210385036
437,0.210563510104621,0.88045328263608,0.701437534935676
438,0.801063152594192,0.373721684027314,0.754302210385036
439,0.226072840541975,0.360120482277438,0.754302210385036
440,0.310507319486997,0.601149673639565,0.201698880888709
441,0.210563510104621,0.88045328263608,0.701437534935676
442,0.77249488375741,0.373721684027314,0.754302210385036
443,0.833724061180169,0.88045328263608,0.701437534935676
444,0.565889463758583,0.373721684027314,0.754302210385036
445,0.565889463758583,0.360120482277438,0.754302210385036
446,0.833724061180169,0.88045328263608,0.701437534935676
447,0.0439625174035552,0.88045328263608,0.701437534935676
448,0.828395701382336,0.373721684027314,0.754302210385036
449,0.0655230662403691,0.360120482277438,0.754302210385036
450,0.0655230662403691,0.601149673639565,0.201698880888709
451,-0.0537051845676368,0.88045328263608,0.701437534935676
452,0.194569403961065,0.88045328263608,0.701437534935676
453,0.677955030172542,0.373721684027314,0.754302210385036
454,0.833724061180169,0.88045328263608,0.701437534935676
455,0.323353150323217,0.88045328263608,0.701437534935676
456,0.59790036573044,0.373721684027314,0.754302210385036
457,0.467485256784614,0.88045328263608,0.701437534935676
458,0.650065045379645,0.373721684027314,0.754302210385036
459,0.74866374201932,0.88045328263608,0.701437534935676
460,0.833724061180169,0.88045328263608,0.701437534935676
461,0.178055819055853,0.88045328263608,0.701437534935676
462,0.723881985326,0.373721684027314,0.754302210385036
463,0.736396897270966,0.88045328263608,0.701437534935676
464,0.833724061180169,0.88045328263608,0.701437534935676
465,0.789790975524799,0.88045328263608,0.701437534935676
466,0.833724061180169,0.88045328263608,0.701437534935676
467,0.711107674525921,0.88045328263608,0.701437534935676
468,0.833724061180169,0.88045328263608,0.701437534935676
469,-0.413164559354843,0.88045328263608,0.701437534935676
470,0.833724061180169,0.373721684027314,0.754302210385036
471,0.833724061180169,0.88045328263608,0.701437534935676
472,0.833724061180169,0.88045328263608,0.701437534935676
473,-0.569557425081089,0.88045328263608,0.701437534935676
474,0.590059536258222,0.88045328263608,0.701437534935676
475,0.723881985326,0.373721684027314,0.754302210385036
476,-0.0273050109341994,0.88045328263608,0.701437534935676
477,0.74866374201932,0.88045328263608,0.701437534935676
478,0.760693103622887,0.88045328263608,0.701437534935676
479,0.76662184753874,0.88045328263608,0.701437534935676
480,0.194569403961065,0.88045328263608,0.701437534935676
481,0.754707474080399,0.373721684027314,0.754302210385036
482,0.255759143140693,0.88045328263608,0.701437534935676
483,0.74866374201932,0.373721684027314,0.754302210385036
484,0.105958035344117,0.88045328263608,0.701437534935676
485,0.801063152594192,0.373721684027314,0.754302210385036
486,0.833724061180169,0.88045328263608,0.701437534935676
487,0.760693103622887,0.88045328263608,0.701437534935676
488,0.582112932439948,0.88045328263608,0.701437534935676
489,0.833724061180169,0.373721684027314,0.754302210385036
490,0.635620245635867,0.360120482277438,0.754302210385036
491,0.635620245635867,0.601149673639565,0.201698880888709
492,0.833724061180169,0.88045328263608,0.701437534935676
493,0.105958035344117,0.88045328263608,0.701437534935676
494,0.7175279941588,0.373721684027314,0.754302210385036
495,0.801063152594192,0.88045328263608,0.701437534935676
496,0.833724061180169,0.88045328263608,0.701437534935676
497,-0.0273050109341994,0.88045328263608,0.701437534935676
498,0.760693103622887,0.88045328263608,0.701437534935676
499,-2.29436298618147,0.373721684027314,0.754302210385036
500,0.833724061180169,0.88045328263608,0.701437534935676
501,-0.111588959615084,0.88045328263608,0.701437534935676
502,0.613276782748558,0.88045328263608,0.701437534935676
503,0.833724061180169,0.373721684027314,0.754302210385036
504,0.635620245635867,0.360120482277438,0.754302210385036
505,0.635620245635867,0.601149673639565,0.201698880888709
506,0.704619481135261,0.88045328263608,0.701437534935676
507,-0.178129795396878,0.88045328263608,0.701437534935676
508,0.784078359935358,0.373721684027314,0.754302210385036
509,0.833724061180169,0.88045328263608,0.701437534935676
510,-0.178129795396878,0.373721684027314,0.754302210385036
511,-0.178129795396878,0.360120482277438,0.754302210385036
512,0.801063152594192,0.88045328263608,0.701437534935676
513,0.723881985326,0.88045328263608,0.701437534935676
514,0.760693103622887,0.88045328263608,0.701437534935676
515,0.833724061180169,0.88045328263608,0.701437534935676
516,0.255759143140693,0.88045328263608,0.701437534935676
517,0.74866374201932,0.373721684027314,0.754302210385036
518,-0.256823760503072,0.88045328263608,0.701437534935676
519,0.828395701382336,0.88045328263608,0.701437534935676
520,0.711107674525921,0.88045328263608,0.701437534935676
521,0.833724061180169,0.88045328263608,0.701437534935676
522,0.833724061180169,0.88045328263608,0.701437534935676
523,0.730171139587927,0.88045328263608,0.701437534935676
524,0.0439625174035552,0.88045328263608,0.701437534935676
525,0.742560649820512,0.373721684027314,0.754302210385036
526,0.828395701382336,0.88045328263608,0.701437534935676
527,0.0655230662403691,0.88045328263608,0.701437534935676
528,0.833724061180169,0.373721684027314,0.754302210385036
529,0.77249488375741,0.88045328263608,0.701437534935676
530,-0.256823760503072,0.88045328263608,0.701437534935676
531,0.833724061180169,0.373721684027314,0.754302210385036
532,0.817603434322137,0.88045328263608,0.701437534935676
533,-0.0273050109341994,0.88045328263608,0.701437534935676
534,0.74866374201932,0.373721684027314,0.754302210385036
535,0.74866374201932,0.88045328263608,0.701437534935676
536,0.730171139587927,0.88045328263608,0.701437534935676
537,-0.0273050109341994,0.88045328263608,0.701437534935676
538,0.817603434322137,0.373721684027314,0.754302210385036
539,0.160984054177395,0.360120482277438,0.754302210385036
540,0.160984054177395,0.601149673639565,0.201698880888709
541,0.76662184753874,0.88045328263608,0.701437534935676
542,0.833724061180169,0.88045328263608,0.701437534935676
543,0.833724061180169,0.88045328263608,0.701437534935676
544,0.549202504479397,0.88045328263608,0.701437534935676
545,0.691433007167053,0.373721684027314,0.754302210385036
546,-0.0537051845676368,0.88045328263608,0.701437534935676
547,0.833724061180169,0.373721684027314,0.754302210385036
548,-0.143601181786934,0.88045328263608,0.701437534935676
549,0.833724061180169,0.88045328263608,0.701437534935676
550,0.310507319486997,0.88045328263608,0.701437534935676
551,0.736396897270966,0.373721684027314,0.754302210385036
552,0.0213828092094558,0.88045328263608,0.701437534935676
553,0.833724061180169,0.88045328263608,0.701437534935676
554,0.784078359935358,0.88045328263608,0.701437534935676
555,0.0213828092094558,0.88045328263608,0.701437534935676
556,0.833724061180169,0.373721684027314,0.754302210385036
557,0.523236054176008,0.88045328263608,0.701437534935676
558,0.833724061180169,0.373721684027314,0.754302210385036
559,0.574057357743121,0.360120482277438,0.754302210385036
560,0.574057357743121,0.601149673639565,0.201698880888709
561,0.795452237592423,0.88045328263608,0.701437534935676
562,0.833724061180169,0.88045328263608,0.701437534935676
563,0.833724061180169,0.88045328263608,0.701437534935676
564,0.323353150323217,0.88045328263608,0.701437534935676
565,0.664170959964478,0.373721684027314,0.754302210385036
566,0.178055819055853,0.88045328263608,0.701437534935676
567,0.742560649820512,0.373721684027314,0.754302210385036
568,0.0213828092094558,0.88045328263608,0.701437534935676
569,0.754707474080399,0.373721684027314,0.754302210385036
570,0.0861606301493048,0.88045328263608,0.701437534935676
571,0.74866374201932,0.373721684027314,0.754302210385036
572,0.833724061180169,0.88045328263608,0.701437534935676
573,-0.111588959615084,0.373721684027314,0.754302210385036
574,-0.111588959615084,0.360120482277438,0.754302210385036
575,0.723881985326,0.88045328263608,0.701437534935676
576,0.833724061180169,0.88045328263608,0.701437534935676
577,0.833724061180169,0.88045328263608,0.701437534935676
578,0.833724061180169,0.88045328263608,0.701437534935676
579,-0.00232866894668805,0.88045328263608,0.701437534935676
580,0.143310760044473,0.88045328263608,0.701437534935676
581,0.754707474080399,0.373721684027314,0.754302210385036
582,0.59790036573044,0.88045328263608,0.701437534935676
583,0.833724061180169,0.373721684027314,0.754302210385036
584,0.635620245635867,0.360120482277438,0.754302210385036
585,0.635620245635867,0.601149673639565,0.201698880888709
586,0.59790036573044,0.88045328263608,0.701437534935676
587,0.754707474080399,0.373721684027314,0.754302210385036
588,0.833724061180169,0.88045328263608,0.701437534935676
589,0.736396897270966,0.88045328263608,0.701437534935676
590,-0.0273050109341994,0.88045328263608,0.701437534935676
591,0.833724061180169,0.88045328263608,0.701437534935676
592,0.178055819055853,0.88045328263608,0.701437534935676
593,0.77249488375741,0.373721684027314,0.754302210385036
594,-0.178129795396878,0.88045328263608,0.701437534935676
595,0.833724061180169,0.88045328263608,0.701437534935676
596,-0.0817213443106809,0.88045328263608,0.701437534935676
597,0.828395701382336,0.373721684027314,0.754302210385036
598,-0.0537051845676368,0.360120482277438,0.754302210385036
599,-0.0537051845676368,0.601149673639565,0.201698880888709
600,0.0439625174035552,0.88045328263608,0.701437534935676
601,0.833724061180169,0.373721684027314,0.754302210385036
602,0.833724061180169,0.88045328263608,0.701437534935676
603,0.514314058701603,0.88045328263608,0.701437534935676
604,-0.178129795396878,0.373721684027314,0.754302210385036
605,0.635620245635867,0.360120482277438,0.754302210385036
606,-2.29436298618147,0.88045328263608,0.701437534935676
607,0.605638474688001,0.88045328263608,0.701437534935676
608,0.143310760044473,0.88045328263608,0.701437534935676
609,0.657159266415924,0.373721684027314,0.754302210385036
610,0.833724061180169,0.88045328263608,0.701437534935676
611,0.105958035344117,0.88045328263608,0.701437534935676
612,0.754707474080399,0.373721684027314,0.754302210385036
613,-0.0817213443106809,0.88045328263608,0.701437534935676
614,0.76662184753874,0.373721684027314,0.754302210385036
615,0.806624696809353,0.88045328263608,0.701437534935676
616,0.711107674525921,0.88045328263608,0.701437534935676
617,0.833724061180169,0.88045328263608,0.701437534935676
618,0.833724061180169,0.88045328263608,0.701437534935676
619,-0.111588959615084,0.88045328263608,0.701437534935676
620,0.760693103622887,0.373721684027314,0.754302210385036
621,0.833724061180169,0.88045328263608,0.701437534935676
622,0.736396897270966,0.88045328263608,0.701437534935676
623,0.833724061180169,0.88045328263608,0.701437534935676
624,0.833724061180169,0.88045328263608,0.701437534935676
625,0.833724061180169,0.88045328263608,0.701437534935676
626,0.833724061180169,0.88045328263608,0.701437534935676
627,0.0213828092094558,0.88045328263608,0.701437534935676
628,0.723881985326,0.373721684027314,0.754302210385036
629,0.194569403961065,0.88045328263608,0.701437534935676
630,0.691433007167053,0.373721684027314,0.754302210385036
631,0.105958035344117,0.160805888588654,-0.210414291751222
632,-2.29436298618147,-2.28081652185393,-0.648989370740916
633,0.105958035344117,0.160805888588654,-0.260411375282118
634,0.371868676015011,0.564368288816152,0.138108369956217
635,-2.29436298618147,-2.28081652185393,-2.11591385680844
636,0.657159266415924,0.514772105006566,0.585983255373358
637,-2.29436298618147,0.160805888588654,-0.210414291751222
638,-2.29436298618147,0.160805888588654,-0.210414291751222
639,0.635620245635867,0.160805888588654,-0.210414291751222
640,-2.29436298618147,0.160805888588654,-0.210414291751222
641,0.59790036573044,-2.28081652185393,-0.648989370740916
642,0.59790036573044,0.160805888588654,-0.210414291751222
643,0.348155849774183,0.160805888588654,-0.210414291751222
644,0.635620245635867,-2.28081652185393,-0.648989370740916
645,0.496042179144127,0.160805888588654,-0.210414291751222
646,0.684731342618128,-2.28081652185393,-0.648989370740916
647,-0.178129795396878,0.160805888588654,-0.210414291751222
648,-0.178129795396878,-2.28081652185393,-0.648989370740916
649,0.394591890451349,0.160805888588654,-0.260411375282118
650,-0.353989469681355,0.160805888588654,-0.210414291751222
651,-2.29436298618147,-2.28081652185393,-0.648989370740916
652,0.582112932439948,0.160805888588654,-0.260411375282118
653,0.297343684245538,0.160805888588654,-0.210414291751222
654,0.657159266415924,-2.28081652185393,-0.648989370740916
655,-2.29436298618147,0.160805888588654,-0.210414291751222
656,0.704619481135261,-2.28081652185393,-0.648989370740916
657,0.457636503244259,0.160805888588654,-0.210414291751222
658,-2.29436298618147,0.160805888588654,-0.210414291751222
659,-2.29436298618147,-2.28081652185393,-0.648989370740916
660,0.447612101220153,0.160805888588654,-0.260411375282118
661,0.0655230662403691,0.160805888588654,-0.210414291751222
662,0.711107674525921,-2.28081652185393,-0.648989370740916
663,0.833724061180169,0.160805888588654,-0.210414291751222
664,-2.29436298618147,0.160805888588654,-0.210414291751222
665,0.711107674525921,-2.28081652185393,-0.648989370740916
666,-0.0817213443106809,0.160805888588654,-0.210414291751222
667,0.828395701382336,-2.28081652185393,-0.648989370740916
668,-2.29436298618147,0.160805888588654,-0.210414291751222
669,0.620818083176521,-2.28081652185393,-0.648989370740916
670,0.297343684245538,0.160805888588654,-0.210414291751222
671,0.283844384410137,0.160805888588654,-0.210414291751222
672,0.635620245635867,-2.28081652185393,-0.648989370740916
673,0.371868676015011,0.160805888588654,-0.210414291751222
674,0.677955030172542,-2.28081652185393,-0.648989370740916
675,-0.569557425081089,0.160805888588654,-0.210414291751222
676,-0.0273050109341994,-2.28081652185393,-0.648989370740916
677,0.77249488375741,0.160805888588654,-0.260411375282118
678,-0.413164559354843,0.160805888588654,-0.210414291751222
679,-2.29436298618147,-2.28081652185393,-0.648989370740916
680,0.723881985326,0.160805888588654,-0.260411375282118
681,0.806624696809353,0.160805888588654,-0.210414291751222
682,0.833724061180169,0.160805888588654,-0.210414291751222
683,0.194569403961065,0.160805888588654,-0.210414291751222
684,-0.0817213443106809,-2.28081652185393,-0.648989370740916
685,0.514314058701603,0.160805888588654,-0.260411375282118
686,-2.29436298618147,0.160805888588654,-0.210414291751222
687,-0.863409376050816,-2.28081652185393,-0.648989370740916
688,-0.684418278856389,0.160805888588654,-0.260411375282118
689,-2.29436298618147,0.160805888588654,-0.210414291751222
690,0.447612101220153,0.160805888588654,-0.210414291751222
691,-2.29436298618147,0.160805888588654,-0.210414291751222
692,0.76662184753874,0.160805888588654,-0.210414291751222
693,0.620818083176521,0.160805888588654,-0.210414291751222
694,0.310507319486997,0.160805888588654,-0.210414291751222
695,0.833724061180169,-2.28081652185393,-0.648989370740916
696,0.691433007167053,0.160805888588654,-0.210414291751222
697,0.549202504479397,0.160805888588654,-0.210414291751222
698,0.283844384410137,0.160805888588654,-0.210414291751222
699,0.582112932439948,0.160805888588654,-0.210414291751222
700,0.12498715023858,0.160805888588654,-0.210414291751222
701,0.557605740268233,-2.28081652185393,-0.648989370740916
702,0.310507319486997,0.160805888588654,-0.210414291751222
703,-0.256823760503072,0.160805888588654,-0.210414291751222
704,-0.256823760503072,-2.28081652185393,-0.648989370740916
705,0.582112932439948,0.160805888588654,-0.210414291751222
706,0.730171139587927,0.160805888588654,-0.210414291751222
707,-2.29436298618147,0.160805888588654,-0.210414291751222
708,0.657159266415924,-2.28081652185393,-0.648989370740916
709,0.143310760044473,0.160805888588654,-0.210414291751222
710,0.467485256784614,-2.28081652185393,-0.648989370740916
711,-0.863409376050816,0.160805888588654,-0.210414291751222
712,0.635620245635867,-2.28081652185393,-0.648989370740916
713,-0.256823760503072,0.160805888588654,-0.210414291751222
714,0.650065045379645,-2.28081652185393,-0.648989370740916
715,-2.29436298618147,0.160805888588654,-0.210414291751222
716,-2.29436298618147,-2.28081652185393,-0.648989370740916
717,0.833724061180169,0.160805888588654,-0.260411375282118
718,0.754707474080399,0.160805888588654,-0.210414291751222
719,0.833724061180169,0.91325971983122,0.745882347854527
720,0.684731342618128,0.91325971983122,0.745882347854527
721,0.210563510104621,0.91325971983122,0.745882347854527
722,0.226072840541975,0.763556063260724,0.43120377223278
723,0.0439625174035552,0.91325971983122,0.745882347854527
724,-2.29436298618147,0.763556063260724,0.43120377223278
725,-0.178129795396878,-2.28081652185393,0.337399182505132
726,-2.29436298618147,0.91325971983122,0.745882347854527
727,0.833724061180169,0.91325971983122,0.745882347854527
728,0.833724061180169,0.91325971983122,0.745882347854527
729,-2.29436298618147,0.91325971983122,0.745882347854527
730,0.833724061180169,0.763556063260724,0.43120377223278
731,0.833724061180169,0.91325971983122,0.745882347854527
732,-0.00232866894668805,0.91325971983122,0.745882347854527
733,0.486682008484541,0.91325971983122,0.745882347854527
734,-2.29436298618147,0.91325971983122,0.745882347854527
735,0.283844384410137,0.91325971983122,0.745882347854527
736,0.833724061180169,0.91325971983122,0.745882347854527
737,0.833724061180169,0.91325971983122,0.745882347854527
738,0.833724061180169,0.91325971983122,0.745882347854527
739,0.833724061180169,0.91325971983122,0.745882347854527
740,0.833724061180169,0.91325971983122,0.745882347854527
741,-2.29436298618147,0.91325971983122,0.745882347854527
742,0.833724061180169,0.91325971983122,0.745882347854527
743,0.833724061180169,0.91325971983122,0.745882347854527
744,0.467485256784614,0.91325971983122,0.745882347854527
745,0.833724061180169,0.91325971983122,0.745882347854527
746,0.283844384410137,0.91325971983122,0.745882347854527
747,0.833724061180169,0.91325971983122,0.745882347854527
748,0.0655230662403691,0.91325971983122,0.745882347854527
749,-2.29436298618147,0.763556063260724,0.43120377223278
750,0.0213828092094558,-2.28081652185393,0.337399182505132
751,0.833724061180169,0.91325971983122,0.745882347854527
752,0.736396897270966,0.91325971983122,0.745882347854527
753,0.833724061180169,0.91325971983122,0.745882347854527
754,-2.29436298618147,0.91325971983122,0.745882347854527
755,0.833724061180169,0.91325971983122,0.745882347854527
756,0.833724061180169,0.91325971983122,0.745882347854527
757,0.833724061180169,0.91325971983122,0.745882347854527
758,0.657159266415924,0.91325971983122,0.745882347854527
759,0.742560649820512,0.91325971983122,0.745882347854527
760,0.255759143140693,0.91325971983122,0.745882347854527
761,0.833724061180169,0.763556063260724,0.43120377223278
762,-2.29436298618147,0.91325971983122,0.745882347854527
763,-2.29436298618147,0.91325971983122,0.745882347854527
764,-2.29436298618147,0.763556063260724,0.43120377223278
765,0.447612101220153,0.91325971983122,0.745882347854527
766,0.283844384410137,0.91325971983122,0.745882347854527
767,0.833724061180169,0.91325971983122,0.745882347854527
768,-2.29436298618147,-2.28081652185393,-2.11591385680844
769,0.12498715023858,-0.144039765304488,0.155008573258198
770,-2.29436298618147,-2.28081652185393,-2.11591385680844
771,-2.29436298618147,-2.28081652185393,-2.11591385680844
772,-0.684418278856389,-0.144039765304488,0.155008573258198
773,-2.29436298618147,0.199973676074093,-2.11591385680844
774,0.0655230662403691,-2.28081652185393,-2.11591385680844
775,-0.256823760503072,-2.28081652185393,-2.11591385680844
776,-0.863409376050816,-0.144039765304488,0.155008573258198
777,-0.256823760503072,0.199973676074093,-2.11591385680844
778,-2.29436298618147,-0.80094548844055,-2.11591385680844
779,-0.413164559354843,-0.343920782473188,-0.260411375282118
780,-0.178129795396878,-2.28081652185393,-2.11591385680844
781,0.255759143140693,-2.28081652185393,-2.11591385680844
782,0.620818083176521,-0.144039765304488,0.155008573258198
783,-0.178129795396878,0.199973676074093,-2.11591385680844
784,-2.29436298618147,-0.80094548844055,-2.11591385680844
785,-0.143601181786934,-0.343920782473188,-0.260411375282118
786,-0.143601181786934,-0.502438089026907,-2.11591385680844
787,0.0655230662403691,0.160805888588654,-0.39367059710467
788,-0.684418278856389,-0.106098357537798,-0.167101578392482
789,0.194569403961065,-0.80094548844055,-2.11591385680844
790,-0.111588959615084,-0.106098357537798,-0.167101578392482
791,-0.143601181786934,-2.28081652185393,-2.11591385680844
792,0.160984054177395,0.0462816038188288,-0.210414291751222
793,0.255759143140693,-0.231899183583839,-0.319835618154628
794,0.650065045379645,-2.28081652185393,-2.11591385680844
795,-2.29436298618147,-0.144039765304488,0.155008573258198
796,0.540675889339958,-2.28081652185393,-2.11591385680844
797,0.613276782748558,-2.28081652185393,-2.11591385680844
798,-2.29436298618147,-0.144039765304488,0.155008573258198
799,0.582112932439948,-2.28081652185393,-2.11591385680844
800,0.0861606301493048,-2.28081652185393,-2.11591385680844
801,0.0861606301493048,-0.144039765304488,0.155008573258198
802,0.0861606301493048,0.199973676074093,-2.11591385680844
803,0.0861606301493048,-0.80094548844055,-2.11591385680844
804,0.0861606301493048,-0.343920782473188,-0.260411375282118
805,-2.29436298618147,-0.502438089026907,-2.11591385680844
806,-2.29436298618147,0.160805888588654,-0.39367059710467
807,0.360141880425839,-2.28081652185393,-2.11591385680844
808,0.691433007167053,-0.144039765304488,0.155008573258198
809,-0.143601181786934,0.199973676074093,-2.11591385680844
810,-0.143601181786934,-0.80094548844055,-2.11591385680844
811,0.0655230662403691,-0.343920782473188,-0.260411375282118
812,-0.143601181786934,-0.502438089026907,-2.11591385680844
813,0.360141880425839,0.160805888588654,-0.39367059710467
814,-0.111588959615084,-2.28081652185393,-2.11591385680844
815,0.650065045379645,-0.144039765304488,0.155008573258198
816,0.59790036573044,-2.28081652185393,-2.11591385680844
817,0.105958035344117,-0.144039765304488,0.155008573258198
818,0.828395701382336,-2.28081652185393,-2.11591385680844
819,0.828395701382336,-0.144039765304488,0.155008573258198
820,0.671102212533152,-2.28081652185393,-2.11591385680844
821,0.671102212533152,-0.144039765304488,0.155008573258198
822,-0.569557425081089,-2.28081652185393,-2.11591385680844
823,0.635620245635867,-2.28081652185393,-2.11591385680844
824,-0.353989469681355,-0.144039765304488,0.155008573258198
825,0.532021830837793,-2.28081652185393,-2.11591385680844
826,-0.178129795396878,-2.28081652185393,-2.11591385680844
827,-0.413164559354843,-0.144039765304488,0.155008573258198
828,-2.29436298618147,-2.28081652185393,-2.11591385680844
829,-2.29436298618147,-0.144039765304488,0.155008573258198
830,0.582112932439948,0.199973676074093,-2.11591385680844
831,0.582112932439948,-0.80094548844055,-2.11591385680844
832,-0.256823760503072,-2.28081652185393,-2.11591385680844
833,0.778313352915192,-0.144039765304488,0.155008573258198
834,0.778313352915192,0.199973676074093,-2.11591385680844
835,0.0213828092094558,-2.28081652185393,-2.11591385680844
836,0.523236054176008,-2.28081652185393,-2.11591385680844
837,0.496042179144127,-0.144039765304488,0.155008573258198
838,-0.143601181786934,-2.28081652185393,-2.11591385680844
839,0.557605740268233,-0.144039765304488,0.155008573258198
840,0.0655230662403691,-2.28081652185393,-2.11591385680844
841,-2.29436298618147,-2.28081652185393,-2.11591385680844
842,0.778313352915192,-0.144039765304488,0.155008573258198
843,0.778313352915192,0.199973676074093,-2.11591385680844
844,0.0213828092094558,-2.28081652185393,-2.11591385680844
845,0.0213828092094558,-0.144039765304488,0.155008573258198
846,0.0213828092094558,0.199973676074093,-2.11591385680844
847,0.0213828092094558,-0.80094548844055,-2.11591385680844
848,0.784078359935358,-0.343920782473188,-0.260411375282118
849,0.77249488375741,-0.502438089026907,-2.11591385680844
850,-0.413164559354843,-2.28081652185393,-2.11591385680844
851,0.523236054176008,-0.144039765304488,0.155008573258198
852,0.523236054176008,0.199973676074093,-2.11591385680844
853,-0.178129795396878,-2.28081652185393,-2.11591385680844
854,-0.111588959615084,-2.28081652185393,-2.11591385680844
855,-0.111588959615084,-0.144039765304488,0.155008573258198
856,-0.111588959615084,0.199973676074093,-2.11591385680844
857,-0.111588959615084,-0.80094548844055,-2.11591385680844
858,-0.111588959615084,-0.343920782473188,-0.260411375282118
859,-2.29436298618147,-2.28081652185393,-2.11591385680844
860,0.0213828092094558,-0.144039765304488,0.155008573258198
861,0.0213828092094558,0.199973676074093,-2.11591385680844
862,-0.353989469681355,-0.80094548844055,-2.11591385680844
863,-0.569557425081089,-0.343920782473188,-0.260411375282118
864,0.0213828092094558,-0.502438089026907,-2.11591385680844
865,-2.29436298618147,0.160805888588654,-0.39367059710467
866,-0.684418278856389,-0.106098357537798,-0.167101578392482
867,-2.29436298618147,-0.80094548844055,-2.11591385680844
868,-2.29436298618147,-0.106098357537798,-0.167101578392482
869,-2.29436298618147,-2.28081652185393,-2.11591385680844
870,0.0213828092094558,0.0462816038188288,-0.210414291751222
871,0.0213828092094558,-0.231899183583839,-0.319835618154628
872,-2.29436298618147,-2.28081652185393,-2.11591385680844
873,0.650065045379645,-2.28081652185393,-2.11591385680844
874,0.650065045379645,-0.144039765304488,0.155008573258198
875,0.0213828092094558,-2.28081652185393,-2.11591385680844
876,0.0213828092094558,-0.144039765304488,0.155008573258198
877,0.557605740268233,-2.28081652185393,-2.11591385680844
878,0.711107674525921,-2.28081652185393,-2.11591385680844
879,0.711107674525921,-0.144039765304488,0.155008573258198
880,0.76662184753874,-2.28081652185393,-2.11591385680844
881,0.76662184753874,-0.144039765304488,0.155008573258198
882,0.0861606301493048,-2.28081652185393,-2.11591385680844
883,0.297343684245538,-0.144039765304488,0.155008573258198
884,-0.302513146325497,-2.28081652185393,-2.11591385680844
885,-2.29436298618147,-0.144039765304488,0.155008573258198
886,-0.863409376050816,0.199973676074093,-2.11591385680844
887,-0.215656782794065,-0.80094548844055,-2.11591385680844
888,0.371868676015011,-0.343920782473188,-0.260411375282118
889,-2.29436298618147,-0.502438089026907,-2.11591385680844
890,-2.29436298618147,0.160805888588654,-0.39367059710467
891,-2.29436298618147,-0.106098357537798,-0.167101578392482
892,-2.29436298618147,-0.80094548844055,-2.11591385680844
893,-0.0537051845676368,-0.106098357537798,-0.167101578392482
894,0.210563510104621,-2.28081652185393,-2.11591385680844
895,0.160984054177395,0.0462816038188288,-0.210414291751222
896,0.12498715023858,-0.231899183583839,-0.319835618154628
897,0.691433007167053,-2.28081652185393,-2.11591385680844
898,0.691433007167053,-0.144039765304488,0.155008573258198
899,-0.353989469681355,0.199973676074093,-2.11591385680844
900,0.613276782748558,-2.28081652185393,-2.11591385680844
901,0.613276782748558,-0.144039765304488,0.155008573258198
902,-2.29436298618147,-2.28081652185393,-2.11591385680844
903,-2.29436298618147,-0.144039765304488,0.155008573258198
904,0.828395701382336,0.199973676074093,-2.11591385680844
905,0.828395701382336,-0.80094548844055,-2.11591385680844
906,0.437404995475506,-2.28081652185393,-2.11591385680844
907,0.437404995475506,-0.144039765304488,0.155008573258198
908,0.0655230662403691,-2.28081652185393,-2.11591385680844
909,0.677955030172542,-2.28081652185393,-2.11591385680844
910,-0.111588959615084,-2.28081652185393,-2.11591385680844
911,0.371868676015011,-0.144039765304488,0.155008573258198
912,0.12498715023858,0.199973676074093,-2.11591385680844
913,-0.143601181786934,-0.80094548844055,-2.11591385680844
914,-2.29436298618147,-0.343920782473188,-0.260411375282118
915,-2.29436298618147,-0.502438089026907,-2.11591385680844
916,-0.353989469681355,-2.28081652185393,-2.11591385680844
917,0.143310760044473,-0.144039765304488,0.155008573258198
918,-0.353989469681355,0.199973676074093,-2.11591385680844
919,-0.863409376050816,-2.28081652185393,-2.11591385680844
920,0.736396897270966,-0.144039765304488,0.155008573258198
921,0.736396897270966,0.199973676074093,-2.11591385680844
922,0.0439625174035552,-2.28081652185393,-2.11591385680844
923,-0.413164559354843,-2.28081652185393,-2.11591385680844
924,-2.29436298618147,-0.144039765304488,0.155008573258198
925,-2.29436298618147,0.199973676074093,-2.11591385680844
926,-2.29436298618147,-0.80094548844055,-2.11591385680844
927,-2.29436298618147,-0.343920782473188,-0.260411375282118
928,0.664170959964478,-2.28081652185393,-2.11591385680844
929,-2.29436298618147,-0.144039765304488,0.155008573258198
930,-0.0273050109341994,-2.28081652185393,-2.11591385680844
931,-0.215656782794065,-0.144039765304488,0.155008573258198
932,0.74866374201932,0.199973676074093,-2.11591385680844
933,0.74866374201932,-0.80094548844055,-2.11591385680844
934,0.590059536258222,-2.28081652185393,-2.11591385680844
935,-0.863409376050816,-2.28081652185393,-2.11591385680844
936,-0.256823760503072,-2.28081652185393,-2.11591385680844
937,-2.29436298618147,-0.144039765304488,0.155008573258198
938,-0.256823760503072,0.199973676074093,-2.11591385680844
939,-2.29436298618147,-0.80094548844055,-2.11591385680844
940,0.778313352915192,-0.343920782473188,-0.260411375282118
941,0.778313352915192,-0.502438089026907,-2.11591385680844
942,0.801063152594192,-2.28081652185393,-2.11591385680844
943,0.801063152594192,-0.144039765304488,0.155008573258198
944,-0.0273050109341994,-2.28081652185393,-2.11591385680844
945,0.582112932439948,-2.28081652185393,-2.11591385680844
946,0.736396897270966,-2.28081652185393,-2.11591385680844
947,0.736396897270966,-0.144039765304488,0.155008573258198
948,0.194569403961065,-2.28081652185393,-2.11591385680844
949,-2.29436298618147,-0.144039765304488,0.155008573258198
950,-0.684418278856389,-2.28081652185393,-2.11591385680844
951,-2.29436298618147,-0.144039765304488,0.155008573258198
952,-0.684418278856389,0.199973676074093,-2.11591385680844
953,-2.29436298618147,-0.80094548844055,-2.11591385680844
954,-2.29436298618147,-0.343920782473188,-0.260411375282118
955,-0.684418278856389,-0.502438089026907,-2.11591385680844
956,-2.29436298618147,0.160805888588654,-0.39367059710467
957,-2.29436298618147,-0.106098357537798,-0.167101578392482
958,0.532021830837793,-2.28081652185393,-2.11591385680844
959,0.143310760044473,-2.28081652185393,-2.11591385680844
960,-2.29436298618147,-0.144039765304488,0.155008573258198
961,-0.0537051845676368,0.199973676074093,-2.11591385680844
962,-0.00232866894668805,-0.80094548844055,-2.11591385680844
963,-2.29436298618147,-0.343920782473188,-0.260411375282118
964,-0.0817213443106809,-0.502438089026907,-2.11591385680844
965,0.210563510104621,0.160805888588654,-0.39367059710467
966,0.143310760044473,-0.106098357537798,-0.167101578392482
967,-0.0537051845676368,-2.28081652185393,-2.11591385680844
968,-0.353989469681355,-2.28081652185393,-2.11591385680844
969,0.628265050171746,-0.144039765304488,0.155008573258198
970,-0.302513146325497,0.199973676074093,-2.11591385680844
971,-2.29436298618147,-2.28081652185393,-2.11591385680844
972,-2.29436298618147,-0.144039765304488,0.155008573258198
973,0.0213828092094558,0.199973676074093,-2.11591385680844
974,0.255759143140693,-0.80094548844055,-2.11591385680844
975,0.76662184753874,-2.28081652185393,-2.11591385680844
976,0.76662184753874,-0.144039765304488,0.155008573258198
977,-2.29436298618147,-2.28081652185393,-2.11591385680844
978,-0.483147486187803,-0.144039765304488,0.155008573258198
979,-2.29436298618147,0.199973676074093,-2.11591385680844
980,-2.29436298618147,-0.80094548844055,-2.11591385680844
981,-0.302513146325497,-0.343920782473188,-0.260411375282118
982,-0.483147486187803,-0.502438089026907,-2.11591385680844
983,-2.29436298618147,0.160805888588654,-0.39367059710467
984,-2.29436298618147,-0.106098357537798,-0.167101578392482
985,-2.29436298618147,-0.80094548844055,-2.11591385680844
986,-0.483147486187803,-0.106098357537798,-0.167101578392482
987,0.76662184753874,-2.28081652185393,-2.11591385680844
988,0.76662184753874,0.0462816038188288,-0.210414291751222
