Row,GA,PSO,RS,SA
0,0.105958035344117,-1.5192408830606,0.688508855089941,0.306995907182145
1,-0.863409376050816,-1.5192408830606,-1.42473158266195,0.306995907182145
2,0.496042179144127,0.631120970026049,0.588188880069529,0.306995907182145
3,0.0655230662403691,0.514821639522978,0.588188880069529,-1.76746934837757
4,-2.29436298618147,-1.5192408830606,-1.42473158266195,0.306995907182145
5,-0.00232866894668805,0.514821639522978,0.588188880069529,0.306995907182145
6,-2.29436298618147,-1.5192408830606,-1.42473158266195,0.306995907182145
7,-2.29436298618147,-1.5192408830606,0.588188880069529,-1.76746934837757
8,-0.111588959615084,-1.5192408830606,0.588188880069529,-1.76746934837757
9,-2.29436298618147,-1.5192408830606,0.588188880069529,-1.76746934837757
10,-0.143601181786934,0.514821639522978,0.588188880069529,0.306995907182145
11,0.613276782748558,0.514821639522978,0.588188880069529,0.306995907182145
12,0.210563510104621,0.514821639522978,0.588188880069529,0.306995907182145
13,0.383348279580921,0.631120970026049,0.588188880069529,0.306995907182145
14,-2.29436298618147,-1.5192408830606,-1.42473158266195,0.306995907182145
15,0.226072840541975,0.514821639522978,0.588188880069529,0.306995907182145
16,0.269989958511084,0.631120970026049,0.588188880069529,0.306995907182145
17,0.635620245635867,0.631120970026049,0.588188880069529,0.306995907182145
18,-0.863409376050816,0.514821639522978,-1.42473158266195,0.306995907182145
19,-0.569557425081089,0.631120970026049,0.588188880069529,0.306995907182145
20,-0.863409376050816,-1.5192408830606,0.588188880069529,0.306995907182145
21,-0.863409376050816,-1.5192408830606,0.588188880069529,0.306995907182145
22,-0.863409376050816,-1.5192408830606,0.588188880069529,0.306995907182145
23,-2.29436298618147,-1.5192408830606,-1.42473158266195,0.306995907182145
24,0.310507319486997,0.7019737874704,-1.42473158266195,0.306995907182145
25,0.194569403961065,0.631120970026049,0.588188880069529,0.306995907182145
26,0.226072840541975,0.514821639522978,-1.42473158266195,0.306995907182145
27,0.0655230662403691,-1.5192408830606,-1.42473158266195,0.306995907182145
28,-0.0273050109341994,-1.5192408830606,-1.42473158266195,0.306995907182145
29,0.283844384410137,0.514821639522978,0.588188880069529,0.306995907182145
30,-2.29436298618147,-1.5192408830606,-1.42473158266195,0.306995907182145
31,0.310507319486997,0.631120970026049,0.588188880069529,0.306995907182145
32,-2.29436298618147,-1.5192408830606,-1.42473158266195,-1.76746934837757
33,-2.29436298618147,-1.5192408830606,-1.42473158266195,-1.76746934837757
34,-2.29436298618147,-1.5192408830606,-1.42473158266195,-1.76746934837757
35,-0.0817213443106809,0.514821639522978,0.588188880069529,-1.76746934837757
36,0.635620245635867,-1.5192408830606,0.588188880069529,0.306995907182145
37,0.0213828092094558,-1.5192408830606,0.588188880069529,0.306995907182145
38,0.283844384410137,0.7019737874704,0.588188880069529,0.306995907182145
39,-2.29436298618147,-1.5192408830606,-1.42473158266195,0.306995907182145
40,-0.569557425081089,0.514821639522978,-1.42473158266195,0.306995907182145
41,-2.29436298618147,-1.5192408830606,-1.42473158266195,0.306995907182145
42,-2.29436298618147,-1.5192408830606,-1.42473158266195,0.306995907182145
43,-2.29436298618147,-1.5192408830606,-1.42473158266195,0.306995907182145
44,-2.29436298618147,-1.5192408830606,-1.42473158266195,-1.76746934837757
45,0.557605740268233,0.631120970026049,0.588188880069529,-1.76746934837757
46,0.565889463758583,0.631120970026049,0.749224286102503,0.306995907182145
47,-0.215656782794065,0.514821639522978,0.588188880069529,0.306995907182145
48,-0.483147486187803,0.514821639522978,0.588188880069529,0.306995907182145
49,-0.111588959615084,0.514821639522978,-1.42473158266195,0.306995907182145
50,-0.111588959615084,0.514821639522978,-1.42473158266195,-1.76746934837757
51,0.467485256784614,0.7019737874704,0.588188880069529,0.306995907182145
52,-2.29436298618147,-1.5192408830606,-1.42473158266195,0.306995907182145
53,0.0439625174035552,-1.5192408830606,0.688508855089941,0.306995907182145
54,0.486682008484541,0.631120970026049,0.588188880069529,0.306995907182145
55,-2.29436298618147,0.514821639522978,0.588188880069529,0.306995907182145
56,0.0213828092094558,-1.5192408830606,0.588188880069529,-1.76746934837757
57,-0.215656782794065,-1.5192408830606,-1.42473158266195,0.306995907182145
58,-0.215656782794065,0.514821639522978,-1.42473158266195,0.306995907182145
59,-2.29436298618147,0.514821639522978,-1.42473158266195,-1.76746934837757
60,0.505251101449325,0.631120970026049,0.688508855089941,-1.76746934837757
61,0.457636503244259,0.7019737874704,0.588188880069529,-1.76746934837757
62,-0.0273050109341994,0.514821639522978,-1.42473158266195,0.566614071433385
63,0.505251101449325,0.514821639522978,0.688508855089941,-1.76746934837757
64,-2.29436298618147,-1.5192408830606,-1.42473158266195,-1.76746934837757
65,0.0861606301493048,0.514821639522978,-1.42473158266195,0.306995907182145
66,0.635620245635867,0.7019737874704,0.688508855089941,0.306995907182145
67,0.194569403961065,0.631120970026049,0.588188880069529,-1.76746934837757
68,0.711107674525921,0.7019737874704,0.793238610545043,0.306995907182145
69,0.514314058701603,0.514821639522978,0.688508855089941,0.306995907182145
70,0.447612101220153,0.631120970026049,0.588188880069529,-1.76746934837757
71,0.742560649820512,0.514821639522978,0.793238610545043,0.306995907182145
72,0.523236054176008,0.514821639522978,0.688508855089941,0.306995907182145
73,0.437404995475506,0.631120970026049,0.688508855089941,0.467307932402033
74,-2.29436298618147,-1.5192408830606,0.588188880069529,0.566614071433385
75,0.671102212533152,0.631120970026049,0.588188880069529,-1.76746934837757
76,0.730171139587927,0.631120970026049,0.793238610545043,0.306995907182145
77,0.590059536258222,0.514821639522978,0.588188880069529,0.306995907182145
78,-2.29436298618147,-1.5192408830606,-1.42473158266195,-1.76746934837757
79,-2.29436298618147,-1.5192408830606,-1.42473158266195,-1.76746934837757
80,0.532021830837793,0.514821639522978,0.588188880069529,0.306995907182145
81,0.7175279941588,0.7019737874704,0.688508855089941,0.306995907182145
82,-2.29436298618147,-1.5192408830606,-1.42473158266195,0.467307932402033
83,0.0655230662403691,-1.5192408830606,-1.42473158266195,0.566614071433385
84,0.0861606301493048,0.514821639522978,0.588188880069529,-1.76746934837757
85,0.0213828092094558,-1.5192408830606,0.588188880069529,0.306995907182145
86,0.582112932439948,0.514821639522978,0.688508855089941,0.306995907182145
87,0.817603434322137,0.7019737874704,0.793238610545043,0.467307932402033
88,0.684731342618128,0.514821639522978,0.749224286102503,0.566614071433385
89,0.143310760044473,0.514821639522978,-1.42473158266195,0.306995907182145
90,0.105958035344117,0.514821639522978,0.588188880069529,-1.76746934837757
91,0.677955030172542,0.514821639522978,0.688508855089941,0.306995907182145
92,0.711107674525921,0.7019737874704,0.749224286102503,0.306995907182145
93,-2.29436298618147,-1.5192408830606,-1.42473158266195,-1.76746934837757
94,0.684731342618128,0.7019737874704,0.688508855089941,0.306995907182145
95,0.371868676015011,0.631120970026049,0.588188880069529,0.306995907182145
96,-2.29436298618147,-1.5192408830606,-1.42473158266195,0.467307932402033
97,0.684731342618128,0.7019737874704,0.793238610545043,-1.76746934837757
98,0.613276782748558,0.7019737874704,0.749224286102503,-1.76746934837757
99,-2.29436298618147,-1.5192408830606,-1.42473158266195,-1.76746934837757
100,-2.29436298618147,-1.5192408830606,-1.42473158266195,-1.76746934837757
101,0.613276782748558,0.753551875955553,0.793238610545043,0.306995907182145
102,-2.29436298618147,-1.5192408830606,-1.42473158266195,0.306995907182145
103,0.0655230662403691,0.514821639522978,0.588188880069529,-1.76746934837757
104,0.105958035344117,0.514821639522978,0.588188880069529,0.306995907182145
105,0.0861606301493048,0.514821639522978,0.588188880069529,0.306995907182145
106,0.736396897270966,0.794323290200352,0.793238610545043,0.467307932402033
107,0.394591890451349,0.7019737874704,0.749224286102503,0.566614071433385
108,0.371868676015011,0.514821639522978,0.588188880069529,-1.76746934837757
109,0.59790036573044,0.7019737874704,0.749224286102503,0.306995907182145
110,0.178055819055853,0.514821639522978,0.588188880069529,0.306995907182145
111,0.565889463758583,0.631120970026049,0.588188880069529,0.467307932402033
112,0.59790036573044,0.7019737874704,0.749224286102503,-1.76746934837757
113,0.574057357743121,0.631120970026049,0.588188880069529,0.306995907182145
114,-2.29436298618147,-1.5192408830606,-1.42473158266195,-1.76746934837757
115,0.447612101220153,0.514821639522978,0.688508855089941,0.306995907182145
116,0.605638474688001,0.7019737874704,0.749224286102503,0.306995907182145
117,0.323353150323217,0.514821639522978,0.588188880069529,0.467307932402033
118,0.383348279580921,0.631120970026049,0.588188880069529,-1.76746934837757
119,0.335897608935389,0.514821639522978,0.588188880069529,0.306995907182145
120,0.565889463758583,0.631120970026049,0.588188880069529,0.306995907182145
121,0.7175279941588,0.631120970026049,0.749224286102503,0.566614071433385
122,0.754707474080399,0.753551875955553,0.749224286102503,0.566614071433385
123,0.812137817552033,0.7019737874704,0.793238610545043,0.566614071433385
124,0.704619481135261,0.514821639522978,0.749224286102503,0.566614071433385
125,0.523236054176008,0.514821639522978,-1.42473158266195,0.639670339096859
126,0.760693103622887,0.7019737874704,0.588188880069529,0.566614071433385
127,0.323353150323217,0.514821639522978,0.688508855089941,0.566614071433385
128,0.348155849774183,0.631120970026049,0.588188880069529,0.566614071433385
129,0.0861606301493048,0.514821639522978,0.588188880069529,0.639670339096859
130,0.0861606301493048,0.514821639522978,0.588188880069529,0.467307932402033
131,0.269989958511084,0.514821639522978,0.588188880069529,0.566614071433385
132,0.416412172339783,0.631120970026049,0.588188880069529,0.467307932402033
133,0.0861606301493048,0.514821639522978,0.588188880069529,0.467307932402033
134,0.565889463758583,0.631120970026049,0.749224286102503,0.566614071433385
135,0.360141880425839,0.514821639522978,0.588188880069529,0.566614071433385
136,0.698061812309807,0.631120970026049,0.688508855089941,0.566614071433385
137,0.0655230662403691,0.514821639522978,0.688508855089941,0.566614071433385
138,0.664170959964478,0.7019737874704,0.688508855089941,0.566614071433385
139,0.297343684245538,0.514821639522978,-1.42473158266195,0.639670339096859
140,0.0213828092094558,-1.5192408830606,-1.42473158266195,0.467307932402033
141,0.505251101449325,0.631120970026049,0.588188880069529,0.566614071433385
142,-0.0537051845676368,-1.5192408830606,0.588188880069529,0.639670339096859
143,0.778313352915192,0.7019737874704,0.749224286102503,0.566614071433385
144,0.0213828092094558,-1.5192408830606,0.588188880069529,0.639670339096859
145,0.795452237592423,0.631120970026049,0.793238610545043,0.566614071433385
146,-0.178129795396878,-1.5192408830606,-1.42473158266195,0.639670339096859
147,0.684731342618128,0.7019737874704,-1.42473158266195,0.566614071433385
148,-2.29436298618147,-1.5192408830606,-1.42473158266195,0.566614071433385
149,0.801063152594192,0.631120970026049,0.793238610545043,0.566614071433385
150,0.143310760044473,-1.5192408830606,0.688508855089941,0.566614071433385
151,-2.29436298618147,-1.5192408830606,-1.42473158266195,0.639670339096859
152,0.778313352915192,0.7019737874704,0.688508855089941,0.467307932402033
153,0.505251101449325,0.631120970026049,0.588188880069529,0.566614071433385
154,-2.29436298618147,-1.5192408830606,-1.42473158266195,0.566614071433385
155,-2.29436298618147,-1.5192408830606,-1.42473158266195,0.639670339096859
156,0.486682008484541,0.631120970026049,0.588188880069529,0.467307932402033
157,0.323353150323217,0.514821639522978,0.588188880069529,0.566614071433385
158,0.754707474080399,0.7019737874704,0.688508855089941,0.566614071433385
159,0.0861606301493048,0.514821639522978,0.588188880069529,0.566614071433385
160,0.0861606301493048,0.514821639522978,0.588188880069529,0.639670339096859
161,0.405609942304921,0.7019737874704,0.688508855089941,0.467307932402033
162,0.565889463758583,0.7019737874704,0.588188880069529,0.566614071433385
163,0.0861606301493048,0.514821639522978,0.588188880069529,0.467307932402033
164,0.742560649820512,0.7019737874704,0.688508855089941,0.566614071433385
165,0.255759143140693,0.514821639522978,0.749224286102503,0.566614071433385
166,0.0655230662403691,-1.5192408830606,-1.42473158266195,0.566614071433385
167,0.394591890451349,0.631120970026049,0.588188880069529,0.566614071433385
168,0.178055819055853,0.514821639522978,0.688508855089941,0.566614071433385
169,0.310507319486997,0.514821639522978,0.588188880069529,0.566614071433385
170,0.447612101220153,0.514821639522978,0.749224286102503,0.639670339096859
171,0.348155849774183,0.514821639522978,0.588188880069529,0.467307932402033
172,0.437404995475506,0.514821639522978,0.749224286102503,0.566614071433385
173,-0.215656782794065,-1.5192408830606,0.588188880069529,0.467307932402033
174,0.0439625174035552,0.514821639522978,-1.42473158266195,0.566614071433385
175,-0.178129795396878,-1.5192408830606,-1.42473158266195,0.639670339096859
176,0.416412172339783,0.631120970026049,0.588188880069529,0.467307932402033
177,0.613276782748558,0.7019737874704,0.749224286102503,0.566614071433385
178,0.394591890451349,-1.5192408830606,0.588188880069529,0.566614071433385
179,0.323353150323217,-1.5192408830606,0.588188880069529,0.639670339096859
180,0.0861606301493048,0.514821639522978,0.749224286102503,0.467307932402033
181,-0.483147486187803,0.514821639522978,-1.42473158266195,0.566614071433385
182,0.778313352915192,0.631120970026049,0.688508855089941,0.639670339096859
183,-2.29436298618147,-1.5192408830606,-1.42473158266195,0.467307932402033
184,0.348155849774183,0.631120970026049,0.749224286102503,0.566614071433385
185,0.310507319486997,-1.5192408830606,0.588188880069529,0.639670339096859
186,0.486682008484541,0.514821639522978,0.749224286102503,0.566614071433385
187,0.323353150323217,0.631120970026049,0.688508855089941,0.639670339096859
188,0.778313352915192,0.753551875955553,0.688508855089941,0.566614071433385
189,0.605638474688001,0.7019737874704,0.688508855089941,0.566614071433385
190,0.628265050171746,0.514821639522978,0.793238610545043,0.639670339096859
191,0.828395701382336,0.631120970026049,0.688508855089941,0.566614071433385
192,0.730171139587927,0.7019737874704,0.588188880069529,0.566614071433385
193,0.437404995475506,0.514821639522978,0.588188880069529,0.566614071433385
194,0.74866374201932,0.631120970026049,0.749224286102503,0.566614071433385
195,0.348155849774183,0.514821639522978,0.688508855089941,0.639670339096859
196,0.557605740268233,0.514821639522978,0.688508855089941,0.566614071433385
197,0.255759143140693,0.514821639522978,0.588188880069529,0.639670339096859
198,0.105958035344117,-1.5192408830606,-1.42473158266195,0.467307932402033
199,0.427007682743541,0.514821639522978,0.588188880069529,0.566614071433385
200,0.806624696809353,0.753551875955553,0.749224286102503,0.566614071433385
201,0.143310760044473,0.514821639522978,0.588188880069529,0.566614071433385
202,0.628265050171746,0.631120970026049,0.749224286102503,0.639670339096859
203,0.540675889339958,0.753551875955553,0.688508855089941,0.566614071433385
204,0.194569403961065,0.514821639522978,0.688508855089941,0.566614071433385
205,0.505251101449325,0.514821639522978,0.688508855089941,0.639670339096859
206,0.323353150323217,0.514821639522978,0.688508855089941,0.467307932402033
207,0.310507319486997,0.514821639522978,0.588188880069529,0.566614071433385
208,0.691433007167053,0.631120970026049,0.588188880069529,0.639670339096859
209,0.684731342618128,0.7019737874704,0.749224286102503,0.566614071433385
210,0.437404995475506,0.7019737874704,0.588188880069529,0.639670339096859
211,0.210563510104621,0.514821639522978,0.588188880069529,0.467307932402033
212,-0.302513146325497,-1.5192408830606,-1.42473158266195,0.566614071433385
213,0.59790036573044,0.631120970026049,0.688508855089941,0.566614071433385
214,0.549202504479397,0.631120970026049,0.688508855089941,0.566614071433385
215,0.447612101220153,0.514821639522978,0.588188880069529,0.566614071433385
216,0.723881985326,0.631120970026049,0.793238610545043,0.566614071433385
217,-0.178129795396878,-1.5192408830606,0.588188880069529,0.566614071433385
218,0.523236054176008,0.514821639522978,0.588188880069529,0.566614071433385
219,0.505251101449325,0.7019737874704,0.588188880069529,0.639670339096859
220,0.532021830837793,-1.5192408830606,0.588188880069529,0.566614071433385
221,0.427007682743541,0.514821639522978,0.688508855089941,0.639670339096859
222,0.582112932439948,0.631120970026049,0.688508855089941,0.566614071433385
223,0.12498715023858,0.7019737874704,0.588188880069529,0.566614071433385
224,-2.29436298618147,-1.5192408830606,-1.42473158266195,0.566614071433385
225,0.565889463758583,0.631120970026049,0.688508855089941,0.639670339096859
226,0.371868676015011,0.631120970026049,0.588188880069529,0.566614071433385
227,0.677955030172542,0.631120970026049,0.588188880069529,0.639670339096859
228,0.416412172339783,0.514821639522978,0.688508855089941,0.467307932402033
229,0.806624696809353,0.7019737874704,0.793238610545043,0.566614071433385
230,0.269989958511084,-1.5192408830606,0.688508855089941,0.566614071433385
231,0.505251101449325,0.7019737874704,0.688508855089941,0.639670339096859
232,-0.0537051845676368,-1.5192408830606,-1.42473158266195,0.566614071433385
233,0.635620245635867,0.514821639522978,0.588188880069529,0.566614071433385
234,0.650065045379645,0.753551875955553,0.749224286102503,0.639670339096859
235,0.210563510104621,0.514821639522978,0.688508855089941,0.566614071433385
236,0.823022439899165,0.7019737874704,0.749224286102503,0.566614071433385
237,0.613276782748558,0.514821639522978,0.688508855089941,0.566614071433385
238,0.549202504479397,0.631120970026049,0.688508855089941,0.639670339096859
239,0.427007682743541,0.631120970026049,0.588188880069529,0.566614071433385
240,0.620818083176521,0.631120970026049,0.688508855089941,0.566614071433385
241,0.650065045379645,0.753551875955553,0.827924076132016,0.639670339096859
242,0.523236054176008,0.514821639522978,0.588188880069529,0.566614071433385
243,0.486682008484541,0.631120970026049,0.588188880069529,0.566614071433385
244,0.143310760044473,0.631120970026049,-1.42473158266195,0.639670339096859
245,0.348155849774183,0.514821639522978,0.588188880069529,0.467307932402033
246,0.226072840541975,0.7019737874704,0.749224286102503,0.566614071433385
247,0.789790975524799,0.631120970026049,0.793238610545043,0.566614071433385
248,0.105958035344117,0.514821639522978,0.588188880069529,0.467307932402033
249,-0.0817213443106809,-1.5192408830606,-1.42473158266195,0.467307932402033
250,-0.178129795396878,-1.5192408830606,-1.42473158266195,0.467307932402033
251,-2.29436298618147,-1.5192408830606,-1.42473158266195,0.306995907182145
252,-2.29436298618147,-1.5192408830606,-1.42473158266195,0.306995907182145
253,-2.29436298618147,-1.5192408830606,-1.42473158266195,0.467307932402033
254,-2.29436298618147,-1.5192408830606,-1.42473158266195,0.306995907182145
255,-0.863409376050816,0.514821639522978,-1.42473158266195,0.467307932402033
256,-0.256823760503072,-1.5192408830606,-1.42473158266195,0.306995907182145
257,-2.29436298618147,-1.5192408830606,-1.42473158266195,0.306995907182145
258,-0.569557425081089,-1.5192408830606,0.588188880069529,0.467307932402033
259,0.226072840541975,0.631120970026049,0.588188880069529,0.467307932402033
260,-0.0537051845676368,-1.5192408830606,-1.42473158266195,0.467307932402033
261,0.323353150323217,0.514821639522978,-1.42473158266195,0.306995907182145
262,-0.413164559354843,-1.5192408830606,-1.42473158266195,0.467307932402033
263,-0.111588959615084,-1.5192408830606,-1.42473158266195,0.467307932402033
264,-0.00232866894668805,0.514821639522978,-1.42473158266195,0.467307932402033
265,0.0213828092094558,-1.5192408830606,0.588188880069529,0.467307932402033
266,0.0213828092094558,-1.5192408830606,0.588188880069529,0.306995907182145
267,0.0439625174035552,-1.5192408830606,0.588188880069529,0.306995907182145
268,-0.143601181786934,-1.5192408830606,-1.42473158266195,0.467307932402033
269,-0.0817213443106809,-1.5192408830606,-1.42473158266195,0.467307932402033
270,-0.569557425081089,-1.5192408830606,-1.42473158266195,0.467307932402033
271,0.105958035344117,-1.5192408830606,0.588188880069529,0.467307932402033
272,-0.863409376050816,-1.5192408830606,-1.42473158266195,0.467307932402033
273,-2.29436298618147,-1.5192408830606,-1.42473158266195,0.306995907182145
274,0.226072840541975,-1.5192408830606,-1.42473158266195,0.467307932402033
275,0.348155849774183,0.514821639522978,0.588188880069529,0.306995907182145
276,-2.29436298618147,-1.5192408830606,-1.42473158266195,0.467307932402033
277,-0.143601181786934,-1.5192408830606,-1.42473158266195,0.467307932402033
278,-0.256823760503072,-1.5192408830606,-1.42473158266195,0.467307932402033
279,-2.29436298618147,-1.5192408830606,-1.42473158266195,0.467307932402033
280,0.0213828092094558,-1.5192408830606,-1.42473158266195,0.306995907182145
281,-2.29436298618147,-1.5192408830606,-1.42473158266195,0.467307932402033
282,-0.0817213443106809,0.514821639522978,0.588188880069529,0.467307932402033
283,-0.0817213443106809,0.514821639522978,0.588188880069529,0.306995907182145
284,-0.0537051845676368,0.514821639522978,0.588188880069529,0.306995907182145
285,-0.863409376050816,-1.5192408830606,-1.42473158266195,0.467307932402033
286,-2.29436298618147,-1.5192408830606,-1.42473158266195,0.467307932402033
287,0.742560649820512,0.7019737874704,0.588188880069529,0.639670339096859
288,0.823022439899165,0.753551875955553,0.793238610545043,0.639670339096859
289,0.677955030172542,0.7019737874704,0.688508855089941,0.639670339096859
290,0.723881985326,0.7019737874704,0.749224286102503,0.639670339096859
291,0.806624696809353,0.794323290200352,0.793238610545043,0.639670339096859
292,0.635620245635867,0.7019737874704,0.749224286102503,0.639670339096859
293,0.723881985326,0.7019737874704,0.749224286102503,0.639670339096859
294,0.642886125460816,0.7019737874704,0.688508855089941,0.639670339096859
295,-2.29436298618147,-1.5192408830606,-1.42473158266195,0.639670339096859
296,0.664170959964478,0.7019737874704,0.588188880069529,0.639670339096859
297,0.0861606301493048,0.514821639522978,0.588188880069529,0.639670339096859
298,0.0861606301493048,0.514821639522978,0.588188880069529,0.639670339096859
299,0.0861606301493048,0.631120970026049,0.588188880069529,0.639670339096859
300,0.828395701382336,0.7019737874704,0.793238610545043,0.639670339096859
301,-2.29436298618147,0.514821639522978,-1.42473158266195,0.639670339096859
302,0.828395701382336,0.753551875955553,0.827924076132016,0.639670339096859
303,0.723881985326,0.7019737874704,0.749224286102503,0.639670339096859
304,-0.863409376050816,-1.5192408830606,-1.42473158266195,0.639670339096859
305,-0.863409376050816,-1.5192408830606,-1.42473158266195,0.639670339096859
306,0.505251101449325,0.7019737874704,0.588188880069529,0.639670339096859
307,0.523236054176008,0.753551875955553,0.688508855089941,0.639670339096859
308,0.704619481135261,0.753551875955553,0.793238610545043,0.639670339096859
309,0.704619481135261,0.753551875955553,0.749224286102503,0.639670339096859
310,0.310507319486997,0.514821639522978,0.749224286102503,0.639670339096859
311,0.833724061180169,0.794323290200352,0.793238610545043,0.639670339096859
312,0.613276782748558,0.7019737874704,0.827924076132016,0.639670339096859
313,0.833724061180169,0.794323290200352,0.793238610545043,0.639670339096859
314,-2.29436298618147,-1.5192408830606,-1.42473158266195,0.639670339096859
315,0.828395701382336,0.753551875955553,0.793238610545043,0.639670339096859
316,-2.29436298618147,-1.5192408830606,-1.42473158266195,0.639670339096859
317,0.582112932439948,0.7019737874704,0.749224286102503,0.639670339096859
318,-2.29436298618147,-1.5192408830606,-1.42473158266195,0.639670339096859
319,-2.29436298618147,-1.5192408830606,-1.42473158266195,0.639670339096859
320,0.823022439899165,0.7019737874704,0.793238610545043,0.639670339096859
321,0.59790036573044,0.631120970026049,0.749224286102503,0.639670339096859
322,0.833724061180169,0.753551875955553,0.793238610545043,0.639670339096859
323,0.582112932439948,0.7019737874704,0.749224286102503,0.639670339096859
324,-2.29436298618147,-1.5192408830606,-1.42473158266195,0.639670339096859
325,0.754707474080399,0.7019737874704,0.749224286102503,0.639670339096859
326,-2.29436298618147,-1.5192408830606,-1.42473158266195,0.639670339096859
327,0.613276782748558,0.7019737874704,0.749224286102503,0.639670339096859
328,-0.0537051845676368,-1.5192408830606,0.588188880069529,0.639670339096859
329,0.0861606301493048,0.514821639522978,0.588188880069529,0.639670339096859
330,0.0861606301493048,0.514821639522978,0.588188880069529,0.639670339096859
331,0.0861606301493048,0.514821639522978,0.588188880069529,0.639670339096859
332,0.711107674525921,0.7019737874704,0.688508855089941,0.639670339096859
333,0.657159266415924,0.7019737874704,0.793238610545043,0.639670339096859
334,-2.29436298618147,-1.5192408830606,-1.42473158266195,0.639670339096859
335,-2.29436298618147,-1.5192408830606,-1.42473158266195,0.639670339096859
336,0.74866374201932,0.7019737874704,0.749224286102503,0.639670339096859
337,0.823022439899165,0.7019737874704,0.827924076132016,0.639670339096859
338,0.795452237592423,0.753551875955553,0.749224286102503,0.639670339096859
339,0.784078359935358,0.753551875955553,0.749224286102503,0.697870077196672
340,0.833724061180169,0.794323290200352,0.827924076132016,0.697870077196672
341,0.833724061180169,0.794323290200352,0.827924076132016,0.697870077196672
342,0.0655230662403691,0.631120970026049,-1.42473158266195,0.697870077196672
343,0.795452237592423,0.794323290200352,0.688508855089941,0.697870077196672
344,0.833724061180169,0.794323290200352,0.793238610545043,0.697870077196672
345,0.557605740268233,0.753551875955553,0.749224286102503,0.697870077196672
346,0.160984054177395,0.514821639522978,-1.42473158266195,0.697870077196672
347,0.77249488375741,0.7019737874704,0.793238610545043,0.697870077196672
348,0.310507319486997,0.631120970026049,0.688508855089941,0.697870077196672
349,0.736396897270966,0.631120970026049,0.793238610545043,0.697870077196672
350,0.711107674525921,0.753551875955553,0.749224286102503,0.697870077196672
351,0.371868676015011,-1.5192408830606,0.588188880069529,0.697870077196672
352,0.671102212533152,0.794323290200352,0.749224286102503,0.697870077196672
353,0.24112863951217,0.514821639522978,0.688508855089941,0.697870077196672
354,0.801063152594192,0.7019737874704,0.827924076132016,0.697870077196672
355,0.194569403961065,-1.5192408830606,-1.42473158266195,0.697870077196672
356,0.74866374201932,0.794323290200352,0.793238610545043,0.697870077196672
357,0.778313352915192,0.794323290200352,0.793238610545043,0.697870077196672
358,0.833724061180169,0.794323290200352,0.793238610545043,0.697870077196672
359,-0.0273050109341994,0.631120970026049,0.588188880069529,0.697870077196672
360,0.74866374201932,0.7019737874704,0.749224286102503,0.697870077196672
361,0.613276782748558,0.753551875955553,0.688508855089941,0.697870077196672
362,0.833724061180169,0.794323290200352,0.827924076132016,0.697870077196672
363,0.833724061180169,0.794323290200352,0.827924076132016,0.697870077196672
364,-0.353989469681355,-1.5192408830606,-1.42473158266195,0.697870077196672
365,0.795452237592423,0.753551875955553,0.793238610545043,0.697870077196672
366,0.742560649820512,0.794323290200352,0.793238610545043,0.697870077196672
367,0.178055819055853,0.514821639522978,0.588188880069529,0.697870077196672
368,0.828395701382336,0.794323290200352,0.793238610545043,0.697870077196672
369,0.194569403961065,0.514821639522978,0.588188880069529,0.697870077196672
370,0.194569403961065,0.514821639522978,0.688508855089941,0.467307932402033
371,0.105958035344117,0.514821639522978,0.688508855089941,0.697870077196672
372,-0.143601181786934,-1.5192408830606,-1.42473158266195,0.697870077196672
373,0.194569403961065,0.514821639522978,0.588188880069529,0.697870077196672
374,0.736396897270966,0.753551875955553,0.793238610545043,0.697870077196672
375,0.371868676015011,0.514821639522978,0.749224286102503,0.697870077196672
376,0.828395701382336,0.794323290200352,0.827924076132016,0.697870077196672
377,-0.0537051845676368,-1.5192408830606,-1.42473158266195,0.697870077196672
378,0.801063152594192,0.753551875955553,0.827924076132016,0.697870077196672
379,0.0655230662403691,0.514821639522978,-1.42473158266195,0.697870077196672
380,0.778313352915192,0.794323290200352,0.827924076132016,0.697870077196672
381,-2.29436298618147,-1.5192408830606,-1.42473158266195,0.697870077196672
382,0.778313352915192,0.7019737874704,0.827924076132016,0.697870077196672
383,0.0213828092094558,0.514821639522978,-1.42473158266195,0.697870077196672
384,0.828395701382336,0.794323290200352,0.793238610545043,0.697870077196672
385,0.0439625174035552,0.514821639522978,-1.42473158266195,0.697870077196672
386,0.0439625174035552,0.514821639522978,-1.42473158266195,0.467307932402033
387,0.736396897270966,0.7019737874704,0.749224286102503,0.697870077196672
388,0.833724061180169,0.794323290200352,0.827924076132016,0.697870077196672
389,0.833724061180169,0.794323290200352,0.827924076132016,0.697870077196672
390,0.383348279580921,0.7019737874704,0.688508855089941,0.697870077196672
391,0.677955030172542,0.753551875955553,0.749224286102503,0.697870077196672
392,0.754707474080399,0.7019737874704,0.793238610545043,0.697870077196672
393,-0.256823760503072,-1.5192408830606,-1.42473158266195,0.697870077196672
394,0.833724061180169,0.753551875955553,0.827924076132016,0.697870077196672
395,0.778313352915192,0.753551875955553,0.793238610545043,0.697870077196672
396,0.833724061180169,0.794323290200352,0.827924076132016,0.697870077196672
397,0.742560649820512,0.794323290200352,0.793238610545043,0.697870077196672
398,-0.0537051845676368,0.631120970026049,-1.42473158266195,0.697870077196672
399,0.582112932439948,-1.5192408830606,-1.42473158266195,0.697870077196672
400,0.833724061180169,0.794323290200352,0.827924076132016,0.697870077196672
401,0.620818083176521,0.631120970026049,-1.42473158266195,0.697870077196672
402,0.620818083176521,0.631120970026049,-1.42473158266195,0.467307932402033
403,-0.569557425081089,-1.5192408830606,0.588188880069529,0.697870077196672
404,0.160984054177395,0.514821639522978,-1.42473158266195,0.697870077196672
405,-0.413164559354843,0.514821639522978,-1.42473158266195,0.697870077196672
406,0.742560649820512,0.753551875955553,0.827924076132016,0.697870077196672
407,0.723881985326,0.794323290200352,0.688508855089941,0.697870077196672
408,0.801063152594192,0.753551875955553,0.793238610545043,0.697870077196672
409,-0.413164559354843,-1.5192408830606,-1.42473158266195,0.697870077196672
410,0.178055819055853,-1.5192408830606,-1.42473158266195,0.697870077196672
411,0.833724061180169,0.794323290200352,0.827924076132016,0.697870077196672
412,0.833724061180169,0.794323290200352,0.827924076132016,0.697870077196672
413,-0.111588959615084,-1.5192408830606,0.588188880069529,0.697870077196672
414,0.226072840541975,0.514821639522978,-1.42473158266195,0.697870077196672
415,0.778313352915192,0.794323290200352,0.749224286102503,0.697870077196672
416,0.77249488375741,0.794323290200352,0.749224286102503,0.697870077196672
417,-0.0537051845676368,0.514821639522978,0.588188880069529,0.697870077196672
418,0.833724061180169,0.794323290200352,0.827924076132016,0.697870077196672
419,0.255759143140693,0.514821639522978,0.749224286102503,0.697870077196672
420,0.677955030172542,0.794323290200352,0.749224286102503,0.697870077196672
421,-0.00232866894668805,0.631120970026049,-1.42473158266195,0.697870077196672
422,0.828395701382336,0.753551875955553,0.827924076132016,0.697870077196672
423,0.0213828092094558,0.7019737874704,-1.42473158266195,0.697870077196672
424,0.0213828092094558,0.7019737874704,-1.42473158266195,0.467307932402033
425,0.582112932439948,-1.5192408830606,0.588188880069529,0.697870077196672
426,0.833724061180169,0.794323290200352,0.827924076132016,0.697870077196672
427,0.628265050171746,-1.5192408830606,0.588188880069529,0.697870077196672
428,0.628265050171746,-1.5192408830606,0.588188880069529,0.467307932402033
429,-0.302513146325497,0.514821639522978,-1.42473158266195,0.697870077196672
430,-0.0273050109341994,0.514821639522978,-1.42473158266195,0.697870077196672
431,-0.0273050109341994,0.631120970026049,-1.42473158266195,0.697870077196672
432,0.833724061180169,0.794323290200352,0.793238610545043,0.697870077196672
433,0.540675889339958,0.7019737874704,0.588188880069529,0.697870077196672
434,0.540675889339958,0.7019737874704,0.588188880069529,0.697870077196672
435,0.0861606301493048,0.514821639522978,0.588188880069529,0.697870077196672
436,0.736396897270966,0.794323290200352,0.793238610545043,0.697870077196672
437,0.210563510104621,0.631120970026049,-1.42473158266195,0.697870077196672
438,0.801063152594192,0.753551875955553,0.827924076132016,0.697870077196672
439,0.226072840541975,0.631120970026049,-1.42473158266195,0.697870077196672
440,0.310507319486997,0.631120970026049,-1.42473158266195,0.467307932402033
441,0.210563510104621,0.631120970026049,0.688508855089941,0.697870077196672
442,0.77249488375741,0.794323290200352,0.793238610545043,0.697870077196672
443,0.833724061180169,0.794323290200352,0.827924076132016,0.697870077196672
444,0.565889463758583,-1.5192408830606,0.588188880069529,0.697870077196672
445,0.565889463758583,-1.5192408830606,0.588188880069529,0.697870077196672
446,0.833724061180169,0.794323290200352,0.827924076132016,0.697870077196672
447,0.0439625174035552,0.514821639522978,-1.42473158266195,0.697870077196672
448,0.828395701382336,0.794323290200352,0.793238610545043,0.697870077196672
449,0.0655230662403691,0.514821639522978,-1.42473158266195,0.697870077196672
450,0.0655230662403691,0.514821639522978,-1.42473158266195,0.467307932402033
451,-0.0537051845676368,-1.5192408830606,-1.42473158266195,0.697870077196672
452,0.194569403961065,0.7019737874704,0.588188880069529,0.697870077196672
453,0.677955030172542,0.631120970026049,0.827924076132016,0.697870077196672
454,0.833724061180169,0.794323290200352,0.827924076132016,0.697870077196672
455,0.323353150323217,0.514821639522978,0.688508855089941,0.697870077196672
456,0.59790036573044,0.7019737874704,0.749224286102503,0.697870077196672
457,0.467485256784614,0.631120970026049,0.688508855089941,0.697870077196672
458,0.650065045379645,0.7019737874704,0.793238610545043,0.697870077196672
459,0.74866374201932,0.753551875955553,0.749224286102503,0.697870077196672
460,0.833724061180169,0.794323290200352,0.793238610545043,0.697870077196672
461,0.178055819055853,0.514821639522978,0.688508855089941,0.697870077196672
462,0.723881985326,0.7019737874704,0.749224286102503,0.697870077196672
463,0.736396897270966,0.794323290200352,0.749224286102503,0.697870077196672
464,0.833724061180169,0.794323290200352,0.827924076132016,0.697870077196672
465,0.789790975524799,0.794323290200352,0.749224286102503,0.697870077196672
466,0.833724061180169,0.794323290200352,0.827924076132016,0.697870077196672
467,0.711107674525921,0.753551875955553,0.688508855089941,0.697870077196672
468,0.833724061180169,0.753551875955553,0.827924076132016,0.697870077196672
469,-0.413164559354843,-1.5192408830606,-1.42473158266195,0.697870077196672
470,0.833724061180169,0.794323290200352,0.749224286102503,0.697870077196672
471,0.833724061180169,0.794323290200352,0.793238610545043,0.697870077196672
472,0.833724061180169,0.794323290200352,0.793238610545043,0.697870077196672
473,-0.569557425081089,0.514821639522978,-1.42473158266195,0.697870077196672
474,0.590059536258222,0.7019737874704,0.588188880069529,0.697870077196672
475,0.723881985326,0.794323290200352,0.793238610545043,0.697870077196672
476,-0.0273050109341994,-1.5192408830606,-1.42473158266195,0.697870077196672
477,0.74866374201932,0.794323290200352,0.793238610545043,0.697870077196672
478,0.760693103622887,0.7019737874704,0.793238610545043,0.697870077196672
479,0.76662184753874,0.753551875955553,0.793238610545043,0.697870077196672
480,0.194569403961065,0.514821639522978,-1.42473158266195,0.697870077196672
481,0.754707474080399,0.753551875955553,0.793238610545043,0.697870077196672
482,0.255759143140693,0.514821639522978,0.688508855089941,0.697870077196672
483,0.74866374201932,0.794323290200352,0.793238610545043,0.697870077196672
484,0.105958035344117,-1.5192408830606,0.588188880069529,0.697870077196672
485,0.801063152594192,0.753551875955553,0.827924076132016,0.697870077196672
486,0.833724061180169,0.794323290200352,0.827924076132016,0.697870077196672
487,0.760693103622887,0.794323290200352,0.827924076132016,0.697870077196672
488,0.582112932439948,0.631120970026049,0.749224286102503,0.697870077196672
489,0.833724061180169,0.794323290200352,0.827924076132016,0.697870077196672
490,0.635620245635867,0.631120970026049,0.793238610545043,0.697870077196672
491,0.635620245635867,0.631120970026049,0.793238610545043,0.467307932402033
492,0.833724061180169,0.794323290200352,0.827924076132016,0.697870077196672
493,0.105958035344117,-1.5192408830606,0.588188880069529,0.697870077196672
494,0.7175279941588,0.794323290200352,0.749224286102503,0.697870077196672
495,0.801063152594192,0.794323290200352,0.749224286102503,0.697870077196672
496,0.833724061180169,0.794323290200352,0.827924076132016,0.697870077196672
497,-0.0273050109341994,0.631120970026049,-1.42473158266195,0.697870077196672
498,0.760693103622887,0.753551875955553,0.827924076132016,0.697870077196672
499,-2.29436298618147,-1.5192408830606,-1.42473158266195,0.697870077196672
500,0.833724061180169,0.794323290200352,0.749224286102503,0.697870077196672
501,-0.111588959615084,0.514821639522978,-1.42473158266195,0.697870077196672
502,0.613276782748558,0.514821639522978,0.588188880069529,0.697870077196672
503,0.833724061180169,0.794323290200352,0.827924076132016,0.697870077196672
504,0.635620245635867,0.514821639522978,0.588188880069529,0.697870077196672
505,0.635620245635867,0.514821639522978,0.588188880069529,0.467307932402033
506,0.704619481135261,0.7019737874704,0.793238610545043,0.697870077196672
507,-0.178129795396878,0.514821639522978,0.588188880069529,0.697870077196672
508,0.784078359935358,0.753551875955553,0.793238610545043,0.697870077196672
509,0.833724061180169,0.794323290200352,0.827924076132016,0.697870077196672
510,-0.178129795396878,0.631120970026049,-1.42473158266195,0.697870077196672
511,-0.178129795396878,0.631120970026049,-1.42473158266195,0.697870077196672
512,0.801063152594192,0.794323290200352,0.827924076132016,0.697870077196672
513,0.723881985326,0.753551875955553,0.793238610545043,0.697870077196672
514,0.760693103622887,0.794323290200352,0.827924076132016,0.697870077196672
515,0.833724061180169,0.794323290200352,0.827924076132016,0.697870077196672
516,0.255759143140693,0.631120970026049,0.688508855089941,0.697870077196672
517,0.74866374201932,0.7019737874704,0.688508855089941,0.697870077196672
518,-0.256823760503072,-1.5192408830606,-1.42473158266195,0.697870077196672
519,0.828395701382336,0.794323290200352,0.749224286102503,0.697870077196672
520,0.711107674525921,0.794323290200352,0.827924076132016,0.697870077196672
521,0.833724061180169,0.794323290200352,0.793238610545043,0.697870077196672
522,0.833724061180169,0.794323290200352,0.827924076132016,0.697870077196672
523,0.730171139587927,0.794323290200352,0.749224286102503,0.697870077196672
524,0.0439625174035552,0.631120970026049,0.588188880069529,0.697870077196672
525,0.742560649820512,0.7019737874704,0.793238610545043,0.697870077196672
526,0.828395701382336,0.794323290200352,0.827924076132016,0.697870077196672
527,0.0655230662403691,0.514821639522978,-1.42473158266195,0.697870077196672
528,0.833724061180169,0.794323290200352,0.793238610545043,0.697870077196672
529,0.77249488375741,0.753551875955553,0.749224286102503,0.697870077196672
530,-0.256823760503072,0.514821639522978,-1.42473158266195,0.697870077196672
531,0.833724061180169,0.794323290200352,0.793238610545043,0.697870077196672
532,0.817603434322137,0.753551875955553,0.827924076132016,0.697870077196672
533,-0.0273050109341994,0.631120970026049,0.688508855089941,0.697870077196672
534,0.74866374201932,0.753551875955553,0.793238610545043,0.697870077196672
535,0.74866374201932,0.753551875955553,0.793238610545043,0.697870077196672
536,0.730171139587927,0.794323290200352,0.793238610545043,0.697870077196672
537,-0.0273050109341994,0.514821639522978,-1.42473158266195,0.697870077196672
538,0.817603434322137,0.794323290200352,0.827924076132016,0.697870077196672
539,0.160984054177395,0.631120970026049,-1.42473158266195,0.697870077196672
540,0.160984054177395,0.631120970026049,-1.42473158266195,0.467307932402033
541,0.76662184753874,0.794323290200352,0.793238610545043,0.697870077196672
542,0.833724061180169,0.794323290200352,0.827924076132016,0.697870077196672
543,0.833724061180169,0.794323290200352,0.827924076132016,0.697870077196672
544,0.549202504479397,0.514821639522978,0.688508855089941,0.697870077196672
545,0.691433007167053,0.794323290200352,0.749224286102503,0.697870077196672
546,-0.0537051845676368,0.514821639522978,0.588188880069529,0.697870077196672
547,0.833724061180169,0.794323290200352,0.793238610545043,0.697870077196672
548,-0.143601181786934,-1.5192408830606,-1.42473158266195,0.697870077196672
549,0.833724061180169,0.753551875955553,0.793238610545043,0.697870077196672
550,0.310507319486997,0.514821639522978,-1.42473158266195,0.697870077196672
551,0.736396897270966,0.794323290200352,0.749224286102503,0.697870077196672
552,0.0213828092094558,0.631120970026049,0.588188880069529,0.697870077196672
553,0.833724061180169,0.794323290200352,0.827924076132016,0.697870077196672
554,0.784078359935358,0.753551875955553,0.793238610545043,0.697870077196672
555,0.0213828092094558,0.514821639522978,-1.42473158266195,0.697870077196672
556,0.833724061180169,0.794323290200352,0.793238610545043,0.697870077196672
557,0.523236054176008,0.631120970026049,-1.42473158266195,0.697870077196672
558,0.833724061180169,0.794323290200352,0.827924076132016,0.697870077196672
559,0.574057357743121,0.631120970026049,0.588188880069529,0.697870077196672
560,0.574057357743121,0.631120970026049,0.588188880069529,0.467307932402033
561,0.795452237592423,0.753551875955553,0.827924076132016,0.697870077196672
562,0.833724061180169,0.794323290200352,0.793238610545043,0.697870077196672
563,0.833724061180169,0.794323290200352,0.827924076132016,0.697870077196672
564,0.323353150323217,0.514821639522978,0.688508855089941,0.697870077196672
565,0.664170959964478,0.753551875955553,0.793238610545043,0.697870077196672
566,0.178055819055853,-1.5192408830606,0.688508855089941,0.697870077196672
567,0.742560649820512,0.794323290200352,0.827924076132016,0.697870077196672
568,0.0213828092094558,-1.5192408830606,0.588188880069529,0.697870077196672
569,0.754707474080399,0.794323290200352,0.793238610545043,0.697870077196672
570,0.0861606301493048,0.514821639522978,-1.42473158266195,0.697870077196672
571,0.74866374201932,0.753551875955553,0.827924076132016,0.697870077196672
572,0.833724061180169,0.794323290200352,0.793238610545043,0.697870077196672
573,-0.111588959615084,0.514821639522978,-1.42473158266195,0.697870077196672
574,-0.111588959615084,0.514821639522978,-1.42473158266195,0.697870077196672
575,0.723881985326,0.753551875955553,0.749224286102503,0.697870077196672
576,0.833724061180169,0.794323290200352,0.827924076132016,0.697870077196672
577,0.833724061180169,0.794323290200352,0.793238610545043,0.697870077196672
578,0.833724061180169,0.794323290200352,0.793238610545043,0.697870077196672
579,-0.00232866894668805,0.514821639522978,-1.42473158266195,0.697870077196672
580,0.143310760044473,0.514821639522978,0.588188880069529,0.697870077196672
581,0.754707474080399,0.794323290200352,0.749224286102503,0.697870077196672
582,0.59790036573044,0.514821639522978,-1.42473158266195,0.697870077196672
583,0.833724061180169,0.794323290200352,0.827924076132016,0.697870077196672
584,0.635620245635867,0.514821639522978,-1.42473158266195,0.697870077196672
585,0.635620245635867,0.514821639522978,-1.42473158266195,0.467307932402033
586,0.59790036573044,0.631120970026049,0.749224286102503,0.697870077196672
587,0.754707474080399,0.753551875955553,0.749224286102503,0.697870077196672
588,0.833724061180169,0.794323290200352,0.827924076132016,0.697870077196672
589,0.736396897270966,0.7019737874704,0.688508855089941,0.697870077196672
590,-0.0273050109341994,0.7019737874704,-1.42473158266195,0.697870077196672
591,0.833724061180169,0.794323290200352,0.827924076132016,0.697870077196672
592,0.178055819055853,0.7019737874704,0.688508855089941,0.697870077196672
593,0.77249488375741,0.7019737874704,0.827924076132016,0.697870077196672
594,-0.178129795396878,-1.5192408830606,0.588188880069529,0.697870077196672
595,0.833724061180169,0.794323290200352,0.827924076132016,0.697870077196672
596,-0.0817213443106809,-1.5192408830606,-1.42473158266195,0.697870077196672
597,0.828395701382336,0.794323290200352,0.793238610545043,0.697870077196672
598,-0.0537051845676368,0.514821639522978,-1.42473158266195,0.697870077196672
599,-0.0537051845676368,0.514821639522978,-1.42473158266195,0.467307932402033
600,0.0439625174035552,0.514821639522978,-1.42473158266195,0.697870077196672
601,0.833724061180169,0.794323290200352,0.827924076132016,0.697870077196672
602,0.833724061180169,0.794323290200352,0.793238610545043,0.697870077196672
603,0.514314058701603,0.514821639522978,0.749224286102503,0.697870077196672
604,-0.178129795396878,0.514821639522978,-1.42473158266195,0.697870077196672
605,0.635620245635867,0.631120970026049,0.688508855089941,0.697870077196672
606,-2.29436298618147,-1.5192408830606,-1.42473158266195,0.697870077196672
607,0.605638474688001,0.631120970026049,0.793238610545043,0.697870077196672
608,0.143310760044473,0.514821639522978,0.588188880069529,0.697870077196672
609,0.657159266415924,0.794323290200352,0.688508855089941,0.697870077196672
610,0.833724061180169,0.794323290200352,0.793238610545043,0.697870077196672
611,0.105958035344117,0.631120970026049,0.688508855089941,0.697870077196672
612,0.754707474080399,0.794323290200352,0.793238610545043,0.697870077196672
613,-0.0817213443106809,0.514821639522978,-1.42473158266195,0.697870077196672
614,0.76662184753874,0.794323290200352,0.793238610545043,0.697870077196672
615,0.806624696809353,0.794323290200352,0.793238610545043,0.697870077196672
616,0.711107674525921,0.631120970026049,0.827924076132016,0.697870077196672
617,0.833724061180169,0.794323290200352,0.793238610545043,0.697870077196672
618,0.833724061180169,0.794323290200352,0.827924076132016,0.697870077196672
619,-0.111588959615084,-1.5192408830606,-1.42473158266195,0.697870077196672
620,0.760693103622887,0.794323290200352,0.793238610545043,0.697870077196672
621,0.833724061180169,0.794323290200352,0.793238610545043,0.697870077196672
622,0.736396897270966,0.794323290200352,0.827924076132016,0.697870077196672
623,0.833724061180169,0.794323290200352,0.793238610545043,0.697870077196672
624,0.833724061180169,0.794323290200352,0.749224286102503,0.697870077196672
625,0.833724061180169,0.794323290200352,0.827924076132016,0.697870077196672
626,0.833724061180169,0.794323290200352,0.793238610545043,0.697870077196672
627,0.0213828092094558,0.514821639522978,-1.42473158266195,0.697870077196672
628,0.723881985326,0.753551875955553,0.827924076132016,0.697870077196672
629,0.194569403961065,0.514821639522978,0.688508855089941,0.697870077196672
630,0.691433007167053,0.7019737874704,0.793238610545043,0.697870077196672
631,0.105958035344117,-1.5192408830606,0.588188880069529,0.306995907182145
632,-2.29436298618147,-1.5192408830606,-1.42473158266195,-1.76746934837757
633,0.105958035344117,-1.5192408830606,0.588188880069529,0.306995907182145
634,0.371868676015011,-1.5192408830606,0.588188880069529,0.467307932402033
635,-2.29436298618147,-1.5192408830606,-1.42473158266195,-1.76746934837757
636,0.657159266415924,0.7019737874704,0.749224286102503,0.639670339096859
637,-2.29436298618147,-1.5192408830606,-1.42473158266195,0.306995907182145
638,-2.29436298618147,-1.5192408830606,-1.42473158266195,0.306995907182145
639,0.635620245635867,0.631120970026049,0.749224286102503,0.306995907182145
640,-2.29436298618147,-1.5192408830606,-1.42473158266195,0.306995907182145
641,0.59790036573044,0.631120970026049,0.793238610545043,-1.76746934837757
642,0.59790036573044,0.794323290200352,0.688508855089941,0.306995907182145
643,0.348155849774183,0.631120970026049,0.588188880069529,0.306995907182145
644,0.635620245635867,0.794323290200352,0.749224286102503,-1.76746934837757
645,0.496042179144127,0.514821639522978,0.688508855089941,0.306995907182145
646,0.684731342618128,0.753551875955553,0.688508855089941,-1.76746934837757
647,-0.178129795396878,-1.5192408830606,0.588188880069529,0.306995907182145
648,-0.178129795396878,-1.5192408830606,-1.42473158266195,-1.76746934837757
649,0.394591890451349,0.514821639522978,0.688508855089941,0.306995907182145
650,-0.353989469681355,-1.5192408830606,0.588188880069529,0.306995907182145
651,-2.29436298618147,-1.5192408830606,-1.42473158266195,-1.76746934837757
652,0.582112932439948,0.7019737874704,0.688508855089941,0.306995907182145
653,0.297343684245538,-1.5192408830606,-1.42473158266195,0.306995907182145
654,0.657159266415924,0.514821639522978,0.588188880069529,-1.76746934837757
655,-2.29436298618147,-1.5192408830606,-1.42473158266195,0.306995907182145
656,0.704619481135261,0.7019737874704,0.793238610545043,-1.76746934837757
657,0.457636503244259,0.631120970026049,0.688508855089941,0.306995907182145
658,-2.29436298618147,-1.5192408830606,-1.42473158266195,0.306995907182145
659,-2.29436298618147,-1.5192408830606,-1.42473158266195,-1.76746934837757
660,0.447612101220153,0.753551875955553,0.749224286102503,0.306995907182145
661,0.0655230662403691,0.514821639522978,0.588188880069529,0.306995907182145
662,0.711107674525921,0.7019737874704,0.688508855089941,-1.76746934837757
663,0.833724061180169,0.753551875955553,0.793238610545043,0.306995907182145
664,-2.29436298618147,-1.5192408830606,-1.42473158266195,0.306995907182145
665,0.711107674525921,0.794323290200352,0.793238610545043,-1.76746934837757
666,-0.0817213443106809,0.514821639522978,-1.42473158266195,0.306995907182145
667,0.828395701382336,0.794323290200352,0.793238610545043,-1.76746934837757
668,-2.29436298618147,-1.5192408830606,-1.42473158266195,0.306995907182145
669,0.620818083176521,0.753551875955553,0.749224286102503,-1.76746934837757
670,0.297343684245538,0.514821639522978,0.749224286102503,0.306995907182145
671,0.283844384410137,0.514821639522978,0.688508855089941,0.306995907182145
672,0.635620245635867,0.753551875955553,0.793238610545043,-1.76746934837757
673,0.371868676015011,0.514821639522978,0.588188880069529,0.306995907182145
674,0.677955030172542,0.794323290200352,0.749224286102503,-1.76746934837757
675,-0.569557425081089,0.631120970026049,0.688508855089941,0.306995907182145
676,-0.0273050109341994,-1.5192408830606,-1.42473158266195,-1.76746934837757
677,0.77249488375741,0.753551875955553,0.793238610545043,0.306995907182145
678,-0.413164559354843,-1.5192408830606,-1.42473158266195,0.306995907182145
679,-2.29436298618147,-1.5192408830606,-1.42473158266195,-1.76746934837757
680,0.723881985326,0.753551875955553,0.749224286102503,0.306995907182145
681,0.806624696809353,0.753551875955553,0.793238610545043,0.306995907182145
682,0.833724061180169,0.7019737874704,0.749224286102503,0.306995907182145
683,0.194569403961065,0.514821639522978,0.588188880069529,0.306995907182145
684,-0.0817213443106809,-1.5192408830606,0.588188880069529,-1.76746934837757
685,0.514314058701603,0.753551875955553,0.688508855089941,0.306995907182145
686,-2.29436298618147,-1.5192408830606,-1.42473158266195,0.306995907182145
687,-0.863409376050816,0.514821639522978,-1.42473158266195,-1.76746934837757
688,-0.684418278856389,0.514821639522978,-1.42473158266195,0.306995907182145
689,-2.29436298618147,-1.5192408830606,-1.42473158266195,0.306995907182145
690,0.447612101220153,0.7019737874704,0.749224286102503,0.306995907182145
691,-2.29436298618147,-1.5192408830606,-1.42473158266195,0.306995907182145
692,0.76662184753874,0.753551875955553,0.827924076132016,0.306995907182145
693,0.620818083176521,0.7019737874704,0.749224286102503,0.306995907182145
694,0.310507319486997,-1.5192408830606,0.588188880069529,0.306995907182145
695,0.833724061180169,0.794323290200352,0.749224286102503,-1.76746934837757
696,0.691433007167053,0.753551875955553,0.749224286102503,0.306995907182145
697,0.549202504479397,0.753551875955553,0.688508855089941,0.306995907182145
698,0.283844384410137,0.514821639522978,0.588188880069529,0.306995907182145
699,0.582112932439948,0.7019737874704,0.688508855089941,0.306995907182145
700,0.12498715023858,0.514821639522978,-1.42473158266195,0.306995907182145
701,0.557605740268233,0.794323290200352,0.688508855089941,-1.76746934837757
702,0.310507319486997,0.631120970026049,0.749224286102503,0.306995907182145
703,-0.256823760503072,-1.5192408830606,0.588188880069529,0.306995907182145
704,-0.256823760503072,-1.5192408830606,0.588188880069529,-1.76746934837757
705,0.582112932439948,0.753551875955553,0.827924076132016,0.306995907182145
706,0.730171139587927,0.794323290200352,0.749224286102503,0.306995907182145
707,-2.29436298618147,-1.5192408830606,-1.42473158266195,0.306995907182145
708,0.657159266415924,0.794323290200352,0.688508855089941,-1.76746934837757
709,0.143310760044473,0.514821639522978,-1.42473158266195,0.306995907182145
710,0.467485256784614,0.7019737874704,0.688508855089941,-1.76746934837757
711,-0.863409376050816,0.514821639522978,-1.42473158266195,0.306995907182145
712,0.635620245635867,0.753551875955553,0.749224286102503,-1.76746934837757
713,-0.256823760503072,0.514821639522978,-1.42473158266195,0.306995907182145
714,0.650065045379645,0.7019737874704,0.793238610545043,-1.76746934837757
715,-2.29436298618147,-1.5192408830606,0.588188880069529,0.306995907182145
716,-2.29436298618147,-1.5192408830606,-1.42473158266195,-1.76746934837757
717,0.833724061180169,0.794323290200352,0.749224286102503,0.306995907182145
718,0.754707474080399,0.753551875955553,0.793238610545043,0.306995907182145
719,0.833724061180169,0.753551875955553,0.749224286102503,0.697870077196672
720,0.684731342618128,0.631120970026049,0.749224286102503,0.697870077196672
721,0.210563510104621,0.514821639522978,-1.42473158266195,0.697870077196672
722,0.226072840541975,0.514821639522978,-1.42473158266195,0.467307932402033
723,0.0439625174035552,0.514821639522978,0.588188880069529,0.697870077196672
724,-2.29436298618147,-1.5192408830606,-1.42473158266195,0.467307932402033
725,-0.178129795396878,-1.5192408830606,-1.42473158266195,-1.76746934837757
726,-2.29436298618147,0.514821639522978,-1.42473158266195,0.697870077196672
727,0.833724061180169,0.794323290200352,0.793238610545043,0.697870077196672
728,0.833724061180169,0.794323290200352,0.793238610545043,0.697870077196672
729,-2.29436298618147,-1.5192408830606,-1.42473158266195,0.697870077196672
730,0.833724061180169,0.753551875955553,0.793238610545043,0.467307932402033
731,0.833724061180169,0.794323290200352,0.749224286102503,0.697870077196672
732,-0.00232866894668805,0.514821639522978,-1.42473158266195,0.697870077196672
733,0.486682008484541,0.631120970026049,-1.42473158266195,0.697870077196672
734,-2.29436298618147,-1.5192408830606,-1.42473158266195,0.697870077196672
735,0.283844384410137,0.514821639522978,0.588188880069529,0.697870077196672
736,0.833724061180169,0.753551875955553,0.793238610545043,0.697870077196672
737,0.833724061180169,0.794323290200352,0.793238610545043,0.697870077196672
738,0.833724061180169,0.753551875955553,0.827924076132016,0.697870077196672
739,0.833724061180169,0.794323290200352,0.793238610545043,0.697870077196672
740,0.833724061180169,0.753551875955553,0.793238610545043,0.697870077196672
741,-2.29436298618147,-1.5192408830606,-1.42473158266195,0.697870077196672
742,0.833724061180169,0.794323290200352,0.827924076132016,0.697870077196672
743,0.833724061180169,0.794323290200352,0.793238610545043,0.697870077196672
744,0.467485256784614,-1.5192408830606,0.749224286102503,0.697870077196672
745,0.833724061180169,0.794323290200352,0.827924076132016,0.697870077196672
746,0.283844384410137,0.7019737874704,0.749224286102503,0.697870077196672
747,0.833724061180169,0.753551875955553,0.749224286102503,0.697870077196672
748,0.0655230662403691,0.514821639522978,0.588188880069529,0.697870077196672
749,-2.29436298618147,-1.5192408830606,-1.42473158266195,0.467307932402033
750,0.0213828092094558,-1.5192408830606,-1.42473158266195,-1.76746934837757
751,0.833724061180169,0.794323290200352,0.827924076132016,0.697870077196672
752,0.736396897270966,0.753551875955553,0.688508855089941,0.697870077196672
753,0.833724061180169,0.753551875955553,0.793238610545043,0.697870077196672
754,-2.29436298618147,-1.5192408830606,-1.42473158266195,0.697870077196672
755,0.833724061180169,0.794323290200352,0.749224286102503,0.697870077196672
756,0.833724061180169,0.753551875955553,0.793238610545043,0.697870077196672
757,0.833724061180169,0.794323290200352,0.749224286102503,0.697870077196672
758,0.657159266415924,0.7019737874704,0.588188880069529,0.697870077196672
759,0.742560649820512,0.794323290200352,0.688508855089941,0.697870077196672
760,0.255759143140693,0.514821639522978,0.588188880069529,0.697870077196672
761,0.833724061180169,0.753551875955553,0.793238610545043,0.467307932402033
762,-2.29436298618147,-1.5192408830606,-1.42473158266195,0.697870077196672
763,-2.29436298618147,-1.5192408830606,-1.42473158266195,0.697870077196672
764,-2.29436298618147,-1.5192408830606,-1.42473158266195,0.467307932402033
765,0.447612101220153,0.631120970026049,0.588188880069529,0.697870077196672
766,0.283844384410137,0.514821639522978,-1.42473158266195,0.697870077196672
767,0.833724061180169,0.7019737874704,0.749224286102503,0.697870077196672
768,-2.29436298618147,-1.5192408830606,-1.42473158266195,-1.76746934837757
769,0.12498715023858,-1.5192408830606,-1.42473158266195,0.306995907182145
770,-2.29436298618147,-1.5192408830606,-1.42473158266195,-1.76746934837757
771,-2.29436298618147,-1.5192408830606,-1.42473158266195,-1.76746934837757
772,-0.684418278856389,-1.5192408830606,0.688508855089941,0.306995907182145
773,-2.29436298618147,-1.5192408830606,0.588188880069529,-1.76746934837757
774,0.0655230662403691,-1.5192408830606,-1.42473158266195,-1.76746934837757
775,-0.256823760503072,0.514821639522978,-1.42473158266195,-1.76746934837757
776,-0.863409376050816,-1.5192408830606,0.588188880069529,0.306995907182145
777,-0.256823760503072,0.514821639522978,-1.42473158266195,-1.76746934837757
778,-2.29436298618147,-1.5192408830606,-1.42473158266195,-1.76746934837757
779,-0.413164559354843,-1.5192408830606,0.688508855089941,-1.76746934837757
780,-0.178129795396878,-1.5192408830606,-1.42473158266195,-1.76746934837757
781,0.255759143140693,-1.5192408830606,0.588188880069529,-1.76746934837757
782,0.620818083176521,0.514821639522978,0.688508855089941,0.306995907182145
783,-0.178129795396878,-1.5192408830606,-1.42473158266195,-1.76746934837757
784,-2.29436298618147,-1.5192408830606,-1.42473158266195,-1.76746934837757
785,-0.143601181786934,-1.5192408830606,0.588188880069529,-1.76746934837757
786,-0.143601181786934,-1.5192408830606,0.588188880069529,-1.76746934837757
787,0.0655230662403691,-1.5192408830606,0.588188880069529,-1.76746934837757
788,-0.684418278856389,-1.5192408830606,-1.42473158266195,-1.76746934837757
789,0.194569403961065,0.514821639522978,0.588188880069529,-1.76746934837757
790,-0.111588959615084,-1.5192408830606,-1.42473158266195,-1.76746934837757
791,-0.143601181786934,-1.5192408830606,0.588188880069529,-1.76746934837757
792,0.160984054177395,-1.5192408830606,-1.42473158266195,-1.76746934837757
793,0.255759143140693,-1.5192408830606,0.588188880069529,-1.76746934837757
794,0.650065045379645,0.631120970026049,0.588188880069529,-1.76746934837757
795,-2.29436298618147,-1.5192408830606,-1.42473158266195,0.306995907182145
796,0.540675889339958,0.7019737874704,0.749224286102503,-1.76746934837757
797,0.613276782748558,0.514821639522978,0.688508855089941,-1.76746934837757
798,-2.29436298618147,-1.5192408830606,-1.42473158266195,0.306995907182145
799,0.582112932439948,0.514821639522978,0.688508855089941,-1.76746934837757
800,0.0861606301493048,0.514821639522978,0.588188880069529,-1.76746934837757
801,0.0861606301493048,0.514821639522978,0.588188880069529,0.306995907182145
802,0.0861606301493048,0.514821639522978,0.588188880069529,-1.76746934837757
803,0.0861606301493048,0.514821639522978,0.588188880069529,-1.76746934837757
804,0.0861606301493048,0.514821639522978,0.588188880069529,-1.76746934837757
805,-2.29436298618147,-1.5192408830606,-1.42473158266195,-1.76746934837757
806,-2.29436298618147,-1.5192408830606,0.588188880069529,-1.76746934837757
807,0.360141880425839,-1.5192408830606,-1.42473158266195,-1.76746934837757
808,0.691433007167053,0.514821639522978,0.588188880069529,0.306995907182145
809,-0.143601181786934,-1.5192408830606,-1.42473158266195,-1.76746934837757
810,-0.143601181786934,-1.5192408830606,-1.42473158266195,-1.76746934837757
811,0.0655230662403691,-1.5192408830606,-1.42473158266195,-1.76746934837757
812,-0.143601181786934,-1.5192408830606,-1.42473158266195,-1.76746934837757
813,0.360141880425839,-1.5192408830606,-1.42473158266195,-1.76746934837757
814,-0.111588959615084,-1.5192408830606,-1.42473158266195,-1.76746934837757
815,0.650065045379645,0.631120970026049,0.688508855089941,0.306995907182145
816,0.59790036573044,0.631120970026049,0.588188880069529,-1.76746934837757
817,0.105958035344117,0.514821639522978,0.688508855089941,0.306995907182145
818,0.828395701382336,0.7019737874704,0.749224286102503,-1.76746934837757
819,0.828395701382336,0.7019737874704,0.749224286102503,0.306995907182145
820,0.671102212533152,0.631120970026049,0.688508855089941,-1.76746934837757
821,0.671102212533152,0.631120970026049,0.688508855089941,0.306995907182145
822,-0.569557425081089,-1.5192408830606,-1.42473158266195,-1.76746934837757
823,0.635620245635867,0.631120970026049,0.688508855089941,-1.76746934837757
824,-0.353989469681355,0.514821639522978,-1.42473158266195,0.306995907182145
825,0.532021830837793,0.514821639522978,0.688508855089941,-1.76746934837757
826,-0.178129795396878,0.514821639522978,0.688508855089941,-1.76746934837757
827,-0.413164559354843,0.514821639522978,0.688508855089941,0.306995907182145
828,-2.29436298618147,-1.5192408830606,-1.42473158266195,-1.76746934837757
829,-2.29436298618147,-1.5192408830606,-1.42473158266195,0.306995907182145
830,0.582112932439948,0.7019737874704,0.588188880069529,-1.76746934837757
831,0.582112932439948,0.7019737874704,0.588188880069529,-1.76746934837757
832,-0.256823760503072,-1.5192408830606,-1.42473158266195,-1.76746934837757
833,0.778313352915192,0.753551875955553,0.749224286102503,0.306995907182145
834,0.778313352915192,0.753551875955553,0.749224286102503,-1.76746934837757
835,0.0213828092094558,0.514821639522978,-1.42473158266195,-1.76746934837757
836,0.523236054176008,0.631120970026049,0.588188880069529,-1.76746934837757
837,0.496042179144127,0.631120970026049,0.588188880069529,0.306995907182145
838,-0.143601181786934,-1.5192408830606,0.588188880069529,-1.76746934837757
839,0.557605740268233,0.631120970026049,0.688508855089941,0.306995907182145
840,0.0655230662403691,0.514821639522978,-1.42473158266195,-1.76746934837757
841,-2.29436298618147,-1.5192408830606,-1.42473158266195,-1.76746934837757
842,0.778313352915192,0.753551875955553,0.749224286102503,0.306995907182145
843,0.778313352915192,0.753551875955553,0.749224286102503,-1.76746934837757
844,0.0213828092094558,-1.5192408830606,0.588188880069529,-1.76746934837757
845,0.0213828092094558,-1.5192408830606,0.588188880069529,0.306995907182145
846,0.0213828092094558,-1.5192408830606,0.588188880069529,-1.76746934837757
847,0.0213828092094558,-1.5192408830606,0.588188880069529,-1.76746934837757
848,0.784078359935358,0.514821639522978,0.688508855089941,-1.76746934837757
849,0.77249488375741,0.514821639522978,0.688508855089941,-1.76746934837757
850,-0.413164559354843,-1.5192408830606,-1.42473158266195,-1.76746934837757
851,0.523236054176008,0.7019737874704,0.588188880069529,0.306995907182145
852,0.523236054176008,0.7019737874704,0.588188880069529,-1.76746934837757
853,-0.178129795396878,-1.5192408830606,-1.42473158266195,-1.76746934837757
854,-0.111588959615084,-1.5192408830606,0.588188880069529,-1.76746934837757
855,-0.111588959615084,-1.5192408830606,0.588188880069529,0.306995907182145
856,-0.111588959615084,-1.5192408830606,0.588188880069529,-1.76746934837757
857,-0.111588959615084,-1.5192408830606,0.588188880069529,-1.76746934837757
858,-0.111588959615084,-1.5192408830606,0.588188880069529,-1.76746934837757
859,-2.29436298618147,-1.5192408830606,-1.42473158266195,-1.76746934837757
860,0.0213828092094558,0.514821639522978,0.588188880069529,0.306995907182145
861,0.0213828092094558,0.514821639522978,0.588188880069529,-1.76746934837757
862,-0.353989469681355,-1.5192408830606,-1.42473158266195,-1.76746934837757
863,-0.569557425081089,-1.5192408830606,-1.42473158266195,-1.76746934837757
864,0.0213828092094558,0.514821639522978,0.588188880069529,-1.76746934837757
865,-2.29436298618147,-1.5192408830606,-1.42473158266195,-1.76746934837757
866,-0.684418278856389,-1.5192408830606,-1.42473158266195,-1.76746934837757
867,-2.29436298618147,-1.5192408830606,-1.42473158266195,-1.76746934837757
868,-2.29436298618147,-1.5192408830606,-1.42473158266195,-1.76746934837757
869,-2.29436298618147,-1.5192408830606,-1.42473158266195,-1.76746934837757
870,0.0213828092094558,0.514821639522978,0.588188880069529,-1.76746934837757
871,0.0213828092094558,0.514821639522978,0.588188880069529,-1.76746934837757
872,-2.29436298618147,-1.5192408830606,-1.42473158266195,-1.76746934837757
873,0.650065045379645,0.7019737874704,0.827924076132016,-1.76746934837757
874,0.650065045379645,0.7019737874704,0.793238610545043,0.306995907182145
875,0.0213828092094558,0.514821639522978,0.588188880069529,-1.76746934837757
876,0.0213828092094558,0.514821639522978,0.588188880069529,0.306995907182145
877,0.557605740268233,-1.5192408830606,0.749224286102503,-1.76746934837757
878,0.711107674525921,0.753551875955553,0.688508855089941,-1.76746934837757
879,0.711107674525921,0.753551875955553,0.688508855089941,0.306995907182145
880,0.76662184753874,0.631120970026049,0.749224286102503,-1.76746934837757
881,0.76662184753874,0.631120970026049,0.749224286102503,0.306995907182145
882,0.0861606301493048,-1.5192408830606,-1.42473158266195,-1.76746934837757
883,0.297343684245538,0.514821639522978,-1.42473158266195,0.306995907182145
884,-0.302513146325497,-1.5192408830606,-1.42473158266195,-1.76746934837757
885,-2.29436298618147,-1.5192408830606,-1.42473158266195,0.306995907182145
886,-0.863409376050816,-1.5192408830606,-1.42473158266195,-1.76746934837757
887,-0.215656782794065,0.514821639522978,-1.42473158266195,-1.76746934837757
888,0.371868676015011,0.514821639522978,0.588188880069529,-1.76746934837757
889,-2.29436298618147,-1.5192408830606,-1.42473158266195,-1.76746934837757
890,-2.29436298618147,-1.5192408830606,-1.42473158266195,-1.76746934837757
891,-2.29436298618147,-1.5192408830606,-1.42473158266195,-1.76746934837757
892,-2.29436298618147,-1.5192408830606,-1.42473158266195,-1.76746934837757
893,-0.0537051845676368,-1.5192408830606,-1.42473158266195,-1.76746934837757
894,0.210563510104621,0.514821639522978,-1.42473158266195,-1.76746934837757
895,0.160984054177395,0.514821639522978,-1.42473158266195,-1.76746934837757
896,0.12498715023858,0.631120970026049,-1.42473158266195,-1.76746934837757
897,0.691433007167053,0.794323290200352,0.688508855089941,-1.76746934837757
898,0.691433007167053,0.794323290200352,0.688508855089941,0.306995907182145
899,-0.353989469681355,-1.5192408830606,0.588188880069529,-1.76746934837757
900,0.613276782748558,0.631120970026049,0.688508855089941,-1.76746934837757
901,0.613276782748558,0.631120970026049,0.688508855089941,0.306995907182145
902,-2.29436298618147,-1.5192408830606,-1.42473158266195,-1.76746934837757
903,-2.29436298618147,-1.5192408830606,-1.42473158266195,0.306995907182145
904,0.828395701382336,0.7019737874704,0.749224286102503,-1.76746934837757
905,0.828395701382336,0.7019737874704,0.749224286102503,-1.76746934837757
906,0.437404995475506,0.631120970026049,0.588188880069529,-1.76746934837757
907,0.437404995475506,0.631120970026049,0.588188880069529,0.306995907182145
908,0.0655230662403691,0.514821639522978,0.588188880069529,-1.76746934837757
909,0.677955030172542,0.631120970026049,0.688508855089941,-1.76746934837757
910,-0.111588959615084,-1.5192408830606,-1.42473158266195,-1.76746934837757
911,0.371868676015011,0.631120970026049,0.588188880069529,0.306995907182145
912,0.12498715023858,0.514821639522978,0.588188880069529,-1.76746934837757
913,-0.143601181786934,0.514821639522978,-1.42473158266195,-1.76746934837757
914,-2.29436298618147,-1.5192408830606,-1.42473158266195,-1.76746934837757
915,-2.29436298618147,-1.5192408830606,-1.42473158266195,-1.76746934837757
916,-0.353989469681355,0.514821639522978,-1.42473158266195,-1.76746934837757
917,0.143310760044473,0.631120970026049,-1.42473158266195,0.306995907182145
918,-0.353989469681355,0.514821639522978,-1.42473158266195,-1.76746934837757
919,-0.863409376050816,-1.5192408830606,-1.42473158266195,-1.76746934837757
920,0.736396897270966,0.7019737874704,0.688508855089941,0.306995907182145
921,0.736396897270966,0.7019737874704,0.688508855089941,-1.76746934837757
922,0.0439625174035552,-1.5192408830606,-1.42473158266195,-1.76746934837757
923,-0.413164559354843,-1.5192408830606,-1.42473158266195,-1.76746934837757
924,-2.29436298618147,-1.5192408830606,-1.42473158266195,0.306995907182145
925,-2.29436298618147,-1.5192408830606,-1.42473158266195,-1.76746934837757
926,-2.29436298618147,-1.5192408830606,-1.42473158266195,-1.76746934837757
927,-2.29436298618147,-1.5192408830606,-1.42473158266195,-1.76746934837757
928,0.664170959964478,0.514821639522978,0.688508855089941,-1.76746934837757
929,-2.29436298618147,-1.5192408830606,-1.42473158266195,0.306995907182145
930,-0.0273050109341994,-1.5192408830606,-1.42473158266195,-1.76746934837757
931,-0.215656782794065,-1.5192408830606,0.588188880069529,0.306995907182145
932,0.74866374201932,0.7019737874704,0.688508855089941,-1.76746934837757
933,0.74866374201932,0.7019737874704,0.688508855089941,-1.76746934837757
934,0.590059536258222,0.631120970026049,0.688508855089941,-1.76746934837757
935,-0.863409376050816,-1.5192408830606,-1.42473158266195,-1.76746934837757
936,-0.256823760503072,0.631120970026049,-1.42473158266195,-1.76746934837757
937,-2.29436298618147,-1.5192408830606,-1.42473158266195,0.306995907182145
938,-0.256823760503072,-1.5192408830606,-1.42473158266195,-1.76746934837757
939,-2.29436298618147,-1.5192408830606,-1.42473158266195,-1.76746934837757
940,0.778313352915192,0.7019737874704,0.688508855089941,-1.76746934837757
941,0.778313352915192,0.7019737874704,0.688508855089941,-1.76746934837757
942,0.801063152594192,0.753551875955553,0.688508855089941,-1.76746934837757
943,0.801063152594192,0.753551875955553,0.688508855089941,0.306995907182145
944,-0.0273050109341994,-1.5192408830606,-1.42473158266195,-1.76746934837757
945,0.582112932439948,0.514821639522978,0.749224286102503,-1.76746934837757
946,0.736396897270966,0.753551875955553,0.688508855089941,-1.76746934837757
947,0.736396897270966,0.753551875955553,0.688508855089941,0.306995907182145
948,0.194569403961065,0.514821639522978,0.588188880069529,-1.76746934837757
949,-2.29436298618147,-1.5192408830606,-1.42473158266195,0.306995907182145
950,-0.684418278856389,-1.5192408830606,-1.42473158266195,-1.76746934837757
951,-2.29436298618147,-1.5192408830606,-1.42473158266195,0.306995907182145
952,-0.684418278856389,-1.5192408830606,-1.42473158266195,-1.76746934837757
953,-2.29436298618147,-1.5192408830606,-1.42473158266195,-1.76746934837757
954,-2.29436298618147,-1.5192408830606,-1.42473158266195,-1.76746934837757
955,-0.684418278856389,-1.5192408830606,-1.42473158266195,-1.76746934837757
956,-2.29436298618147,-1.5192408830606,-1.42473158266195,-1.76746934837757
957,-2.29436298618147,-1.5192408830606,-1.42473158266195,-1.76746934837757
958,0.532021830837793,0.7019737874704,0.688508855089941,-1.76746934837757
959,0.143310760044473,0.631120970026049,-1.42473158266195,-1.76746934837757
960,-2.29436298618147,-1.5192408830606,-1.42473158266195,0.306995907182145
961,-0.0537051845676368,-1.5192408830606,0.588188880069529,-1.76746934837757
962,-0.00232866894668805,0.514821639522978,-1.42473158266195,-1.76746934837757
963,-2.29436298618147,-1.5192408830606,-1.42473158266195,-1.76746934837757
964,-0.0817213443106809,0.514821639522978,-1.42473158266195,-1.76746934837757
965,0.210563510104621,0.631120970026049,0.588188880069529,-1.76746934837757
966,0.143310760044473,0.631120970026049,-1.42473158266195,-1.76746934837757
967,-0.0537051845676368,0.514821639522978,-1.42473158266195,-1.76746934837757
968,-0.353989469681355,-1.5192408830606,0.588188880069529,-1.76746934837757
969,0.628265050171746,0.631120970026049,0.588188880069529,0.306995907182145
970,-0.302513146325497,-1.5192408830606,0.588188880069529,-1.76746934837757
971,-2.29436298618147,-1.5192408830606,-1.42473158266195,-1.76746934837757
972,-2.29436298618147,-1.5192408830606,-1.42473158266195,0.306995907182145
973,0.0213828092094558,0.514821639522978,-1.42473158266195,-1.76746934837757
974,0.255759143140693,0.631120970026049,-1.42473158266195,-1.76746934837757
975,0.76662184753874,0.753551875955553,0.749224286102503,-1.76746934837757
976,0.76662184753874,0.753551875955553,0.749224286102503,0.306995907182145
977,-2.29436298618147,-1.5192408830606,-1.42473158266195,-1.76746934837757
978,-0.483147486187803,-1.5192408830606,-1.42473158266195,0.306995907182145
979,-2.29436298618147,-1.5192408830606,-1.42473158266195,-1.76746934837757
980,-2.29436298618147,-1.5192408830606,-1.42473158266195,-1.76746934837757
981,-0.302513146325497,-1.5192408830606,-1.42473158266195,-1.76746934837757
982,-0.483147486187803,-1.5192408830606,-1.42473158266195,-1.76746934837757
983,-2.29436298618147,-1.5192408830606,-1.42473158266195,-1.76746934837757
984,-2.29436298618147,-1.5192408830606,-1.42473158266195,-1.76746934837757
985,-2.29436298618147,-1.5192408830606,-1.42473158266195,-1.76746934837757
986,-0.483147486187803,-1.5192408830606,-1.42473158266195,-1.76746934837757
987,0.76662184753874,0.7019737874704,0.688508855089941,-1.76746934837757
988,0.76662184753874,0.7019737874704,0.688508855089941,-1.76746934837757
